id,first_name,last_name,email,car_make,car_model,car_year,car_price
1,Leeanne,Gerauld,lgerauld0@wikipedia.org,GMC,Sierra 1500,2010,51985
2,Mikol,Legier,mlegier1@nhs.uk,Jeep,Grand Cherokee,1999,74834
3,Brad,Rider,brider2@mac.com,Mercedes-Benz,C-Class,1993,70080
4,Amelita,Udell,audell3@wikipedia.org,Ford,E-Series,2010,19903
5,Emilio,Manwaring,emanwaring4@answers.com,Dodge,Viper,2002,73850
6,Susi,Chin,schin5@fda.gov,Infiniti,I,1998,45353
7,Itch,Shelp,ishelp6@spotify.com,Saab,9000,1995,64299
8,Melvyn,D'Antoni,mdantoni7@sogou.com,Volkswagen,New Beetle,2004,70620
9,Jammal,Roslen,jroslen8@answers.com,Hyundai,Veracruz,2008,42783
10,Hermon,Smooth,hsmooth9@usatoday.com,Honda,Passport,2002,45193
11,Wallace,Pullar,wpullara@hc360.com,Chevrolet,Monte Carlo,1998,2917
12,Lorianne,Simner,lsimnerb@naver.com,Ford,Thunderbird,1987,9200
13,Inesita,Lippitt,ilippittc@pbs.org,Chevrolet,S10,2000,72720
14,Elga,Halse,ehalsed@blogspot.com,Chevrolet,Express 2500,2009,35789
15,Ileana,Dykins,idykinse@twitter.com,Kia,Rio5,2008,28191
16,Wilone,Dalling,wdallingf@businesswire.com,Citroën,CX,1989,90399
17,Stafani,Rowlett,srowlettg@aboutads.info,Nissan,Rogue,2011,52670
18,Budd,Penkethman,bpenkethmanh@shareasale.com,Mercury,Lynx,1987,51939
19,Lynnet,Thornber,lthornberi@apple.com,Lexus,LX,2000,73838
20,Derron,Blackway,dblackwayj@ycombinator.com,MINI,Cooper Clubman,2008,46714
21,Betsy,Jaynes,bjaynesk@icq.com,Mercury,Grand Marquis,2007,71260
22,Thomasa,Dumphrey,tdumphreyl@wisc.edu,Subaru,Legacy,1991,9831
23,Wheeler,Coogan,wcooganm@loc.gov,Ford,Crown Victoria,1999,64132
24,Tome,Fradgley,tfradgleyn@discovery.com,Ford,Excursion,2003,23843
25,Kayle,Steptow,ksteptowo@multiply.com,Nissan,Pathfinder,2008,74589
26,Hunter,Santry,hsantryp@shop-pro.jp,Saturn,Outlook,2010,29222
27,Lil,Splevings,lsplevingsq@wisc.edu,Suzuki,Swift,1990,50406
28,Ware,Cudbird,wcudbirdr@about.me,GMC,Savana 2500,1998,498
29,Durward,Mackett,dmacketts@mail.ru,Mitsubishi,Montero,2002,99235
30,Bryant,Elsip,belsipt@google.co.jp,Nissan,Quest,2008,64535
31,Lay,Coxwell,lcoxwellu@ed.gov,Nissan,Frontier,2011,46410
32,Joyann,Biddy,jbiddyv@ifeng.com,Chevrolet,Monte Carlo,2006,91605
33,Doti,Chapple,dchapplew@amazon.com,Saab,9-7X,2008,36983
34,Ronald,Wilkin,rwilkinx@pbs.org,Toyota,Prius,2010,55645
35,Lief,Fallon,lfallony@pcworld.com,Mercury,Grand Marquis,2002,34615
36,Erma,Cupper,ecupperz@gov.uk,Oldsmobile,Intrigue,2002,72789
37,Domenic,Chisholm,dchisholm10@alibaba.com,Alfa Romeo,164,1994,21802
38,Antonia,Haggath,ahaggath11@craigslist.org,Suzuki,Grand Vitara,1999,94299
39,Rory,Timmins,rtimmins12@prnewswire.com,Chevrolet,Equinox,2008,9991
40,Eleanor,Rix,erix13@geocities.jp,Hyundai,Sonata,2010,22457
41,Kym,Lawler,klawler14@google.it,Isuzu,VehiCROSS,1999,86230
42,Spike,Pitkeathly,spitkeathly15@stanford.edu,GMC,Savana 2500,1996,82933
43,Willow,Godding,wgodding16@sourceforge.net,Lincoln,Town Car,2004,25224
44,Doris,Muddle,dmuddle17@google.fr,Chevrolet,Cobalt,2010,18637
45,Catlaina,Stoyell,cstoyell18@samsung.com,Nissan,Rogue,2010,50532
46,Any,Bhatia,abhatia19@qq.com,Oldsmobile,Silhouette,2001,28395
47,Netty,Tristram,ntristram1a@tuttocitta.it,Isuzu,Trooper,1995,84191
48,Lalo,Weson,lweson1b@booking.com,Chevrolet,Silverado 3500HD,2006,54825
49,Brock,Rampage,brampage1c@blogs.com,Lexus,GS,2009,99789
50,Etan,Cossans,ecossans1d@cam.ac.uk,Ford,Windstar,2003,16130
51,Debra,Reskelly,dreskelly1e@rediff.com,Pontiac,Grand Prix,1989,73313
52,Barbaraanne,Poulston,bpoulston1f@pcworld.com,Ford,F150,2006,80419
53,Germana,Gaynesford,ggaynesford1g@bbb.org,BMW,525,2002,33117
54,Libbi,Syder,lsyder1h@ebay.co.uk,Mazda,626,1995,15673
55,Pryce,Siggin,psiggin1i@ted.com,Lexus,RX,2002,79800
56,Brad,Carous,bcarous1j@springer.com,Mitsubishi,Excel,1988,27790
57,Tom,Assender,tassender1k@businesswire.com,Lexus,GS,2000,97141
58,Fabe,Cleall,fcleall1l@smh.com.au,Bentley,Continental,2011,65086
59,Theo,Boulger,tboulger1m@artisteer.com,Cadillac,Fleetwood,1994,55510
60,Sayres,Powling,spowling1n@edublogs.org,GMC,Sierra 1500,2009,78794
61,Paddy,Cartwight,pcartwight1o@163.com,Dodge,Charger,2007,66654
62,Krissy,Roads,kroads1p@shinystat.com,Chrysler,PT Cruiser,2009,33725
63,Frannie,Gibbens,fgibbens1q@berkeley.edu,Mercedes-Benz,CLK-Class,2000,26909
64,Maxine,Ebbings,mebbings1r@devhub.com,Toyota,Land Cruiser,1999,39921
65,Anderea,Abrams,aabrams1s@google.it,Dodge,Spirit,1993,32259
66,Leo,Sleeford,lsleeford1t@marriott.com,Subaru,Brat,1986,48061
67,Brigg,Montilla,bmontilla1u@geocities.com,Land Rover,Discovery,2008,27902
68,Ollie,Greenalf,ogreenalf1v@blogspot.com,Chevrolet,Silverado,2010,27238
69,Justus,Clogg,jclogg1w@google.com.au,Pontiac,Firefly,1991,74050
70,Rana,Speed,rspeed1x@friendfeed.com,Honda,CR-V,1998,1705
71,Broderic,Cripin,bcripin1y@woothemes.com,Cadillac,XLR-V,2009,87505
72,Chad,Gosling,cgosling1z@livejournal.com,Cadillac,STS-V,2009,46573
73,Patti,Ullock,pullock20@geocities.jp,Honda,Element,2009,57757
74,Cindie,Durbridge,cdurbridge21@usda.gov,GMC,Vandura 1500,1992,40001
75,Joycelin,Halburton,jhalburton22@biblegateway.com,Jaguar,X-Type,2007,25598
76,Gianna,Shorto,gshorto23@ftc.gov,Ford,Courier,1986,54895
77,Mariquilla,Juszkiewicz,mjuszkiewicz24@loc.gov,Chevrolet,Silverado 1500,2004,71155
78,Erminia,Buzine,ebuzine25@mashable.com,Subaru,Justy,1993,24887
79,Kalila,Yorath,kyorath26@networkadvertising.org,Pontiac,Firefly,1987,97886
80,Nydia,Brownscombe,nbrownscombe27@npr.org,Mercedes-Benz,C-Class,2011,8634
81,Franciska,Hewkin,fhewkin28@surveymonkey.com,Maserati,Spyder,2003,99110
82,Rafferty,Pottiphar,rpottiphar29@cocolog-nifty.com,Hyundai,Veracruz,2009,61640
83,Brennen,Unsworth,bunsworth2a@deviantart.com,Mitsubishi,Lancer,2009,87836
84,Yoko,Klimentyev,yklimentyev2b@myspace.com,GMC,EV1,1999,53722
85,Rowney,Woodrooffe,rwoodrooffe2c@columbia.edu,Buick,Regal,1990,65280
86,Galina,Clift,gclift2d@taobao.com,Mercedes-Benz,S-Class,1994,75726
87,Vita,Jerg,vjerg2e@g.co,Honda,S2000,2008,30239
88,Pierson,Toogood,ptoogood2f@webs.com,Oldsmobile,Aurora,1998,82315
89,Natty,Fawlkes,nfawlkes2g@pen.io,Lincoln,Continental,1985,39628
90,Eirena,Pinnere,epinnere2h@weebly.com,GMC,Savana 1500,1996,87362
91,Pierette,Duddin,pduddin2i@digg.com,Nissan,Pathfinder,1992,53711
92,Michal,Couser,mcouser2j@1688.com,Suzuki,Esteem,2000,14955
93,Missy,Raggitt,mraggitt2k@livejournal.com,Land Rover,Defender,1995,12986
94,Vyky,Mosedill,vmosedill2l@answers.com,Volkswagen,Type 2,1990,27394
95,Orlando,Brundell,obrundell2m@ebay.co.uk,Ford,Escape,2005,61488
96,Valery,Cicconettii,vcicconettii2n@hexun.com,Mitsubishi,Galant,1993,55969
97,Carena,Sperrett,csperrett2o@census.gov,Volvo,XC70,2007,57755
98,Tobi,Scafe,tscafe2p@nature.com,Citroën,CX,1974,42064
99,Claiborn,Ivic,civic2q@noaa.gov,Nissan,Altima,1994,81868
100,Violetta,Applebee,vapplebee2r@ehow.com,Hyundai,Santa Fe,2011,69643
101,Darbee,Ales,dales2s@skyrock.com,Infiniti,QX,2012,83523
102,Kile,Giffard,kgiffard2t@wikipedia.org,Mercedes-Benz,E-Class,2005,78993
103,Clementina,Jouhandeau,cjouhandeau2u@sciencedaily.com,Audi,Q7,2010,78179
104,Cynthea,Upstone,cupstone2v@live.com,Subaru,XT,1985,51989
105,Gareth,Scardifeild,gscardifeild2w@instagram.com,Mercury,Grand Marquis,2011,19450
106,Wallie,Marchington,wmarchington2x@jimdo.com,Geo,Tracker,1995,44607
107,Robbyn,Cowlam,rcowlam2y@nationalgeographic.com,Jeep,Grand Cherokee,2000,7688
108,Linc,Sulley,lsulley2z@w3.org,BMW,7 Series,1993,12270
109,Rora,Bischop,rbischop30@ow.ly,Cadillac,XLR-V,2007,297
110,Andie,Grogor,agrogor31@thetimes.co.uk,Acura,TL,2000,62387
111,Avigdor,Domegan,adomegan32@sogou.com,Ford,Mustang,1993,19907
112,Meredith,Pollicatt,mpollicatt33@geocities.com,Lexus,LS,1993,30677
113,Carleton,McGinn,cmcginn34@mail.ru,Chevrolet,Silverado 2500,2001,3912
114,Joceline,Klesel,jklesel35@businessweek.com,Infiniti,Q,1993,43009
115,Patin,Duerden,pduerden36@google.es,Ford,GT500,2009,43419
116,Tabbitha,Crankshaw,tcrankshaw37@oaic.gov.au,Chevrolet,TrailBlazer,2004,86283
117,April,Meriton,ameriton38@themeforest.net,Maybach,57,2009,89895
118,Madelina,Clayden,mclayden39@google.ru,Dodge,Dakota,2003,28987
119,Patten,Gowling,pgowling3a@surveymonkey.com,Toyota,T100 Xtra,1996,31840
120,Deirdre,Silman,dsilman3b@sohu.com,Chevrolet,G-Series 3500,1998,11759
121,Benton,Exroll,bexroll3c@hostgator.com,Honda,Insight,2005,51511
122,Kandace,Gamble,kgamble3d@prlog.org,Toyota,Yaris,2011,18456
123,Thomasina,St Leger,tstleger3e@barnesandnoble.com,Toyota,Sienna,1998,10502
124,Herby,Pockett,hpockett3f@prnewswire.com,Chevrolet,Beretta,1995,44257
125,Georges,Banthorpe,gbanthorpe3g@acquirethisname.com,Nissan,Quest,1994,78351
126,Lanna,Mullard,lmullard3h@webeden.co.uk,Lotus,Exige,2010,29328
127,Ernaline,Reuven,ereuven3i@diigo.com,Chevrolet,Express,2009,94321
128,Coretta,Le Clercq,cleclercq3j@friendfeed.com,Volkswagen,Jetta,1984,78577
129,Chrysler,Gregoire,cgregoire3k@wufoo.com,Volkswagen,Jetta,1985,99371
130,Mamie,Spaule,mspaule3l@fda.gov,Chevrolet,Silverado 2500,2006,79796
131,Laural,Abrahart,labrahart3m@ucoz.ru,Dodge,Stealth,1994,68349
132,Georges,Dudney,gdudney3n@elpais.com,Land Rover,Range Rover Sport,2007,96416
133,Chiarra,Lamblot,clamblot3o@scientificamerican.com,Lexus,LS,2011,8055
134,Deane,Dawtry,ddawtry3p@oaic.gov.au,Chevrolet,Tahoe,2013,79684
135,Tadeas,Carn,tcarn3q@uol.com.br,Chevrolet,Caprice,1996,33693
136,Karin,Sallenger,ksallenger3r@bluehost.com,Buick,Electra,1987,62902
137,Nicolette,Sharland,nsharland3s@ask.com,Chevrolet,Monte Carlo,2006,92958
138,Marj,Betteridge,mbetteridge3t@wunderground.com,Ford,Crown Victoria,2000,7244
139,Witty,Washbrook,wwashbrook3u@shinystat.com,Honda,Element,2004,57
140,Nicolai,Caisley,ncaisley3v@dmoz.org,BMW,X5,2004,75374
141,Papageno,O' Byrne,pobyrne3w@pen.io,Pontiac,Trans Sport,1997,47910
142,Bobby,Overstreet,boverstreet3x@webmd.com,Volkswagen,Golf,1987,66881
143,Idelle,Tomaszewicz,itomaszewicz3y@themeforest.net,Acura,Legend,1992,44738
144,Mozes,Pelling,mpelling3z@networksolutions.com,Ford,Festiva,1989,6568
145,Tracie,Hellwing,thellwing40@wordpress.com,Mazda,CX-9,2012,90122
146,Patti,Orry,porry41@mlb.com,Chevrolet,S10,2001,15513
147,Marcy,Wildblood,mwildblood42@mapquest.com,Mercury,Mountaineer,2005,73950
148,Sharona,Dymond,sdymond43@apple.com,Toyota,Avalon,2000,84374
149,Kata,Wyburn,kwyburn44@feedburner.com,Dodge,Challenger,2008,31871
150,Rae,Olech,rolech45@etsy.com,Mazda,RX-7,1983,34059
151,Jeana,Buckingham,jbuckingham46@tuttocitta.it,Pontiac,LeMans,1967,18614
152,Norah,Jiggins,njiggins47@amazon.co.uk,Mazda,MX-6,1988,4051
153,Kaleena,Dagleas,kdagleas48@mapquest.com,Ford,Taurus,1998,1330
154,Terry,Horney,thorney49@techcrunch.com,Mitsubishi,Pajero,2002,76091
155,Rodolfo,des Remedios,rdesremedios4a@va.gov,Acura,MDX,2011,50232
156,Gretal,Putton,gputton4b@nbcnews.com,Volvo,S40,2002,32054
157,Ginnifer,Peret,gperet4c@wikia.com,Chevrolet,Traverse,2012,38199
158,Erick,Stanger,estanger4d@miibeian.gov.cn,Saab,9-7X,2008,50572
159,Edy,Appleby,eappleby4e@uol.com.br,Dodge,Charger,2012,67340
160,Octavius,Jarmaine,ojarmaine4f@gravatar.com,Ford,F250,2008,13460
161,Carmon,Lynes,clynes4g@nymag.com,BMW,530,2004,1696
162,Martie,Lamswood,mlamswood4h@squarespace.com,Chevrolet,Corvette,1969,75833
163,Redford,McIndoe,rmcindoe4i@barnesandnoble.com,Chevrolet,Corvette,1978,25421
164,Sanford,Bollini,sbollini4j@netvibes.com,Mitsubishi,Galant,1995,29900
165,Aldous,Nelligan,anelligan4k@discovery.com,Hummer,H2,2007,21202
166,Astrid,Corteney,acorteney4l@cbslocal.com,Infiniti,FX,2009,75545
167,Phebe,Kingston,pkingston4m@mashable.com,Jaguar,S-Type,2007,25020
168,Rivkah,Fri,rfri4n@fc2.com,Lincoln,Town Car,1984,65451
169,Orlando,Pehrsson,opehrsson4o@abc.net.au,Mazda,626,1990,48933
170,Lew,Broome,lbroome4p@simplemachines.org,Jeep,Cherokee,1998,46187
171,Arin,von Nassau,avonnassau4q@tumblr.com,Chevrolet,Express 3500,2004,70252
172,Rebekah,Guillerman,rguillerman4r@infoseek.co.jp,Acura,Integra,1997,23137
173,Jazmin,Fleeming,jfleeming4s@archive.org,Saab,9000,1995,81247
174,Daune,Seton,dseton4t@blogs.com,Buick,Electra,1987,85565
175,Lucille,Kemme,lkemme4u@miitbeian.gov.cn,BMW,M5,2009,36662
176,Pace,Spink,pspink4v@youtube.com,Oldsmobile,Silhouette,1996,92587
177,Yancey,Von Hindenburg,yvonhindenburg4w@ibm.com,Jeep,Compass,2009,49486
178,Celestyna,Verlander,cverlander4x@go.com,Porsche,911,1988,27184
179,Marlene,Limpertz,mlimpertz4y@php.net,Lamborghini,Murciélago,2004,37994
180,Roda,Murch,rmurch4z@bloglovin.com,Cadillac,Escalade ESV,2003,18993
181,Denys,Osmund,dosmund50@addthis.com,Ford,GT,2006,60888
182,Gaston,Schole,gschole51@163.com,Mazda,B-Series,2008,26354
183,Edi,Craufurd,ecraufurd52@blog.com,Mitsubishi,Galant,2002,62145
184,Garwin,Newbegin,gnewbegin53@irs.gov,Saab,900,1998,58228
185,Giles,Canti,gcanti54@oracle.com,Nissan,Sentra,2006,82562
186,Madalyn,Oherlihy,moherlihy55@1und1.de,Toyota,Tacoma,2003,98790
187,Shoshana,Beekman,sbeekman56@pagesperso-orange.fr,Toyota,Celica,2005,94240
188,Bel,Klasing,bklasing57@usda.gov,Mitsubishi,Lancer,2006,3615
189,Fielding,Patel,fpatel58@ihg.com,Volvo,C70,2010,95010
190,Bran,Moulder,bmoulder59@fastcompany.com,Mitsubishi,Endeavor,2007,23920
191,Klement,Albarez,kalbarez5a@about.com,Toyota,Celica,1978,71755
192,Lammond,Kleyn,lkleyn5b@nbcnews.com,Scion,xA,2006,42168
193,Rusty,Peschka,rpeschka5c@engadget.com,Maserati,Quattroporte,2011,2362
194,Welch,Gilbank,wgilbank5d@amazon.com,BMW,5 Series,2008,62561
195,Hector,Mouan,hmouan5e@examiner.com,Mitsubishi,Montero,1994,87353
196,Suzie,Karby,skarby5f@opera.com,Jaguar,XJ,2007,8259
197,Ferrel,Headech,fheadech5g@microsoft.com,Jaguar,XK,2008,48435
198,Stephen,Kleinsinger,skleinsinger5h@techcrunch.com,Ford,F150,2003,74273
199,Ofella,Bruckman,obruckman5i@topsy.com,Nissan,Sentra,1995,5923
200,Mackenzie,Spinks,mspinks5j@weather.com,Rolls-Royce,Ghost,2010,3381
201,Almira,Langthorne,alangthorne5k@jalbum.net,Land Rover,Discovery,2011,49111
202,Steward,Traise,straise5l@constantcontact.com,Nissan,Pathfinder Armada,2004,48191
203,Tome,Punch,tpunch5m@timesonline.co.uk,Ford,Explorer,2013,35855
204,Rona,Pawlaczyk,rpawlaczyk5n@time.com,Jeep,Grand Cherokee,1998,45217
205,Dulcinea,Descroix,ddescroix5o@ebay.com,Mercury,Lynx,1987,13691
206,Fernandina,Alcott,falcott5p@yolasite.com,Mitsubishi,Pajero,1988,62055
207,Alford,Nettles,anettles5q@wufoo.com,Saturn,S-Series,1996,49038
208,Maryjane,Robbs,mrobbs5r@java.com,Mazda,Mazda6,2012,43950
209,Elana,Kobiera,ekobiera5s@php.net,Land Rover,Range Rover Sport,2008,43542
210,Lind,McCadden,lmccadden5t@accuweather.com,Mitsubishi,Truck,1991,28364
211,Raimundo,Shinefield,rshinefield5u@reference.com,Jeep,Wrangler,1994,17074
212,Chalmers,Lilleycrop,clilleycrop5v@europa.eu,Ford,Econoline E150,2001,16738
213,Brion,Snowling,bsnowling5w@miibeian.gov.cn,Toyota,Avalon,1997,29004
214,Guss,Nattriss,gnattriss5x@wordpress.com,Oldsmobile,Toronado,1992,16205
215,Virgina,Feetham,vfeetham5y@statcounter.com,Suzuki,Grand Vitara,2007,10610
216,Sidonnie,Vreiberg,svreiberg5z@digg.com,Mercedes-Benz,CLS-Class,2010,76844
217,Flem,Elham,felham60@github.com,GMC,Savana 1500,1998,86827
218,Briana,Figures,bfigures61@dion.ne.jp,Subaru,Justy,1994,29459
219,Cassaundra,McGuinness,cmcguinness62@rakuten.co.jp,Audi,A8,2012,4160
220,Weber,Hazell,whazell63@unicef.org,Dodge,Viper,2003,92436
221,Nesta,Scrancher,nscrancher64@furl.net,Volkswagen,New Beetle,1999,20805
222,Abram,Kilbourn,akilbourn65@noaa.gov,Toyota,MR2,2003,20425
223,Karly,Woliter,kwoliter66@typepad.com,Daewoo,Lanos,2002,69779
224,Merry,Bodicam,mbodicam67@java.com,Chrysler,Concorde,1996,19160
225,Elyssa,Temple,etemple68@mac.com,Ford,F-Series,1991,68630
226,Sigvard,Perrelli,sperrelli69@theglobeandmail.com,Ford,Explorer Sport,2001,70872
227,Eb,Heardman,eheardman6a@upenn.edu,Infiniti,EX,2010,27618
228,Ailyn,Reiners,areiners6b@tripadvisor.com,Volkswagen,Type 2,1988,13716
229,Elke,Severn,esevern6c@home.pl,Hyundai,Sonata,1996,61809
230,Conant,Jambrozek,cjambrozek6d@bluehost.com,Chevrolet,Tahoe,2008,92594
231,Audy,Ramas,aramas6e@over-blog.com,Lincoln,Town Car,1985,15743
232,Eal,Terrazzo,eterrazzo6f@irs.gov,Oldsmobile,Ciera,1996,85022
233,Etheline,Taber,etaber6g@ucsd.edu,Dodge,Ram 1500,2003,675
234,Cecil,Griss,cgriss6h@nbcnews.com,Chevrolet,Silverado,2010,25398
235,Jessamine,Seson,jseson6i@psu.edu,Nissan,Altima,2008,19476
236,Reine,Kloser,rkloser6j@moonfruit.com,GMC,2500 Club Coupe,1995,66473
237,Kirby,Rodger,krodger6k@yale.edu,Chevrolet,Caprice Classic,1995,21603
238,Amy,Jankin,ajankin6l@hugedomains.com,Ford,Mustang,1965,25528
239,Kylie,Ireson,kireson6m@wisc.edu,Aston Martin,V12 Vantage,2012,62097
240,Hi,Enden,henden6n@theglobeandmail.com,Lincoln,Town Car,2005,17214
241,Ainsley,Follen,afollen6o@wikia.com,Cadillac,Fleetwood,1954,56601
242,Matelda,Juschke,mjuschke6p@51.la,Chevrolet,Silverado 2500,2010,64568
243,Imojean,Balas,ibalas6q@skype.com,Volvo,940,1993,42334
244,Micheil,Muzzillo,mmuzzillo6r@rakuten.co.jp,Pontiac,Grand Prix,1978,61006
245,Rachel,Kyrkeman,rkyrkeman6s@wufoo.com,Daewoo,Lanos,2002,59236
246,Bel,Bockin,bbockin6t@slideshare.net,Land Rover,Discovery Series II,2002,63327
247,Ardith,Bedo,abedo6u@seesaa.net,Dodge,Grand Caravan,2001,73744
248,Winni,Taysbil,wtaysbil6v@mit.edu,Volvo,C70,2003,98755
249,Holt,Iwanowski,hiwanowski6w@ustream.tv,Volkswagen,GTI,1999,74163
250,Willi,Wittleton,wwittleton6x@pbs.org,Chevrolet,Tahoe,2013,34060
251,Aharon,Janauschek,ajanauschek6y@typepad.com,Acura,RL,2010,35943
252,Mona,Roelofsen,mroelofsen6z@home.pl,Porsche,911,1991,78726
253,Corney,Parfett,cparfett70@wikipedia.org,GMC,Yukon,2007,14773
254,Anette,Tidridge,atidridge71@edublogs.org,Audi,S5,2010,56286
255,Valerie,Firmage,vfirmage72@guardian.co.uk,Ford,Escape,2013,75129
256,Ettore,Wandless,ewandless73@dmoz.org,Mercedes-Benz,E-Class,2006,27914
257,Alexandros,Ordelt,aordelt74@eepurl.com,Buick,Park Avenue,1995,65055
258,Lorry,Perone,lperone75@chron.com,Volkswagen,Golf III,1994,35666
259,Magdaia,Sadry,msadry76@economist.com,Ford,F250,2008,97896
260,Hieronymus,Belfrage,hbelfrage77@miibeian.gov.cn,GMC,Sierra 3500,2005,81587
261,Armand,Meuse,ameuse78@yandex.ru,Bentley,Continental Flying Spur,2007,45322
262,Daffie,Tattoo,dtattoo79@amazonaws.com,Jaguar,X-Type,2003,24562
263,Pip,Turrill,pturrill7a@yellowpages.com,GMC,1500,1997,71659
264,Nealson,Retallick,nretallick7b@theatlantic.com,Toyota,Tacoma,2002,29199
265,Mayor,Villalta,mvillalta7c@mail.ru,Pontiac,Grand Am,2004,17930
266,Graeme,Degoix,gdegoix7d@soundcloud.com,Subaru,Tribeca,2006,50587
267,Galen,Dallaway,gdallaway7e@hc360.com,Toyota,Sienna,2010,75622
268,Michele,Coult,mcoult7f@studiopress.com,Buick,LeSabre,2005,72230
269,Alberta,Rozsa,arozsa7g@house.gov,Pontiac,Sunfire,2000,41182
270,Symon,Hallor,shallor7h@prnewswire.com,Isuzu,Hombre Space,1998,97930
271,Chanda,Arnli,carnli7i@rediff.com,Volvo,V40,2001,18690
272,Kain,Westall,kwestall7j@smh.com.au,Dodge,Ram 2500,1999,13425
273,Vittoria,Scougall,vscougall7k@hc360.com,Lexus,RX,2006,27392
274,Maje,Gravenell,mgravenell7l@ow.ly,Saturn,S-Series,1999,14274
275,Jeannie,Grieve,jgrieve7m@nytimes.com,Volkswagen,Type 2,1989,23268
276,Terrence,Ligertwood,tligertwood7n@opera.com,GMC,Yukon,2003,50888
277,Norene,Dominighi,ndominighi7o@discuz.net,Maybach,57,2003,38213
278,Darbie,Gaythorpe,dgaythorpe7p@1688.com,Toyota,Echo,2005,23089
279,Hendrika,Cockerell,hcockerell7q@phpbb.com,GMC,Acadia,2011,47261
280,Sarge,Worsley,sworsley7r@squidoo.com,Toyota,Tercel,1996,67233
281,Brandy,Armfield,barmfield7s@aboutads.info,Pontiac,Firebird,1969,22268
282,Evvy,Mackley,emackley7t@thetimes.co.uk,Ford,E-Series,1996,99661
283,Albie,Asquez,aasquez7u@huffingtonpost.com,Saab,9000,1987,79404
284,Valencia,Serjeant,vserjeant7v@edublogs.org,Porsche,911,2005,41985
285,Samara,Yesichev,syesichev7w@va.gov,Suzuki,Grand Vitara,2008,1914
286,Eugenio,ducarme,educarme7x@blogs.com,Chevrolet,Colorado,2007,70592
287,Merrick,Willgoose,mwillgoose7y@opera.com,Acura,RSX,2003,8599
288,Marthena,Chippendale,mchippendale7z@bluehost.com,Acura,RDX,2009,70403
289,Anestassia,Giannasi,agiannasi80@bloomberg.com,Mitsubishi,Pajero,1987,73945
290,Winnie,Nucciotti,wnucciotti81@va.gov,Ford,F350,2007,62783
291,Felicle,Ollerearnshaw,follerearnshaw82@cyberchimps.com,Honda,Accord,1986,33085
292,Dud,Avon,davon83@ucoz.ru,Jeep,Wrangler,1992,47568
293,Sherwin,Guppie,sguppie84@sbwire.com,Ford,E250,2003,25639
294,Consuela,Silbersak,csilbersak85@jalbum.net,Lamborghini,Murciélago,2006,91873
295,Izak,Kindleysides,ikindleysides86@alexa.com,Studebaker,Avanti,1962,37832
296,Bobbette,Monday,bmonday87@fema.gov,Dodge,Colt,1992,91627
297,Brianna,Burl,bburl88@disqus.com,Hyundai,Sonata,2002,17039
298,Catherine,Cancellor,ccancellor89@icq.com,Ford,Club Wagon,1996,70997
299,Samara,William,swilliam8a@freewebs.com,Oldsmobile,Bravada,2001,76296
300,Haskel,Anetts,hanetts8b@youtu.be,Jaguar,XJ,2012,8384
301,Tremayne,Dewdney,tdewdney8c@huffingtonpost.com,Chevrolet,Camaro,1969,27488
302,Maggi,Jeyes,mjeyes8d@google.fr,Ford,Escape,2009,47153
303,Martelle,Fairfull,mfairfull8e@fastcompany.com,Honda,Fit,2009,7313
304,Lind,McKnockiter,lmcknockiter8f@timesonline.co.uk,Ford,Taurus,2003,16287
305,Dollie,Rhyme,drhyme8g@wikipedia.org,Chevrolet,Colorado,2007,33921
306,Lynn,Dyte,ldyte8h@prnewswire.com,Subaru,Impreza,2002,16049
307,Karrie,Mansion,kmansion8i@businessweek.com,Volkswagen,GTI,2005,31901
308,Jodie,Dunphie,jdunphie8j@cnn.com,BMW,M5,2010,25510
309,Eziechiele,Ratnege,eratnege8k@opensource.org,Honda,Civic,1980,57816
310,Mabel,Wilde,mwilde8l@t.co,Lexus,IS,2012,22894
311,Kimmie,Scurfield,kscurfield8m@gov.uk,Mazda,MX-6,1992,1169
312,Arley,Gores,agores8n@cafepress.com,Toyota,Prius,2008,70225
313,Bernardine,Kulic,bkulic8o@ycombinator.com,Porsche,928,1990,37160
314,Dania,Gorden,dgorden8p@yandex.ru,Ford,Explorer Sport Trac,2002,44404
315,Sullivan,Poole,spoole8q@clickbank.net,Mitsubishi,Diamante,1998,46795
316,Tarrance,Biesinger,tbiesinger8r@networksolutions.com,MINI,Cooper Clubman,2008,31390
317,Cesar,Boole,cboole8s@wufoo.com,Ford,Mustang,1999,89460
318,Alma,Jeynes,ajeynes8t@flavors.me,Mazda,MPV,1998,9187
319,Trueman,Schlagtmans,tschlagtmans8u@washingtonpost.com,Toyota,RAV4,1996,69827
320,Emlyn,Selwyn,eselwyn8v@yellowpages.com,Hyundai,Veracruz,2008,52432
321,Helge,Masselin,hmasselin8w@washingtonpost.com,BMW,Z4,2004,67173
322,Alyda,Lusty,alusty8x@technorati.com,GMC,Sierra 1500,2007,70439
323,Genevieve,Bradborne,gbradborne8y@gov.uk,Cadillac,SRX,2011,89136
324,Carolina,Kitley,ckitley8z@microsoft.com,Chevrolet,Suburban 1500,1994,75359
325,Jolyn,Yurevich,jyurevich90@mysql.com,Cadillac,Eldorado,1993,1250
326,Felicle,Heyfield,fheyfield91@msu.edu,Buick,Coachbuilder,1995,44537
327,Rachael,Manie,rmanie92@elegantthemes.com,Chevrolet,Suburban 1500,2006,59478
328,Lamond,Bercevelo,lbercevelo93@indiatimes.com,Eagle,Talon,1996,11923
329,Vilma,Antoney,vantoney94@weibo.com,Jaguar,XJ,2006,80898
330,Tamar,Dundon,tdundon95@cdbaby.com,Mercedes-Benz,S-Class,1996,85103
331,Hogan,Cowhig,hcowhig96@merriam-webster.com,Saturn,Relay,2006,20038
332,Bennett,Crowder,bcrowder97@examiner.com,Dodge,Ram 2500 Club,1996,66953
333,Kathy,Maudsley,kmaudsley98@yellowbook.com,Cadillac,DTS,2010,9777
334,Melitta,Massen,mmassen99@hao123.com,Hyundai,Genesis,2009,26619
335,Carmita,Gooderick,cgooderick9a@sina.com.cn,Eagle,Summit,1992,8750
336,Jaclin,Pudge,jpudge9b@google.it,Mercedes-Benz,SL-Class,2012,93110
337,Giovanni,Boxe,gboxe9c@cafepress.com,Jaguar,XJ Series,1998,41839
338,Alex,Leathard,aleathard9d@auda.org.au,Volvo,S90,1997,72410
339,Base,Renzullo,brenzullo9e@foxnews.com,Infiniti,I,2001,83548
340,Ealasaid,Kleinfeld,ekleinfeld9f@google.com.hk,Honda,Pilot,2005,26351
341,Harrie,Cotelard,hcotelard9g@imgur.com,GMC,Savana 2500,2000,79578
342,Kelbee,Abercromby,kabercromby9h@github.io,Dodge,Grand Caravan,1992,94861
343,James,Stoffers,jstoffers9i@sakura.ne.jp,Ford,Explorer,2010,8372
344,Janela,Hissett,jhissett9j@xing.com,Lincoln,MKS,2011,27597
345,Josefina,Fortune,jfortune9k@economist.com,Dodge,Ram 1500 Club,1997,99249
346,Blanch,Saltmarsh,bsaltmarsh9l@google.com.hk,BMW,Z3,1996,29828
347,Gretta,Dubock,gdubock9m@hhs.gov,Saab,9-3,2012,6817
348,Francisca,Petkens,fpetkens9n@themeforest.net,Mazda,Tribute,2001,44598
349,Hadlee,Sang,hsang9o@photobucket.com,Buick,Riviera,1989,90723
350,Mortie,Lowthian,mlowthian9p@omniture.com,Honda,S2000,2008,62049
351,Caresse,Bett,cbett9q@istockphoto.com,Pontiac,Grand Prix,1983,38356
352,Nedda,Kuzemka,nkuzemka9r@imgur.com,Volkswagen,Passat,1985,74631
353,Trumann,Bennett,tbennett9s@seattletimes.com,Bentley,Azure,2008,81948
354,Gerladina,McGillivrie,gmcgillivrie9t@goodreads.com,Ferrari,430 Scuderia,2009,20641
355,Alyda,Arnaudon,aarnaudon9u@microsoft.com,Kia,Sportage,2001,59541
356,Donia,Crinage,dcrinage9v@meetup.com,Volkswagen,Jetta,2006,71968
357,Morgen,Lovat,mlovat9w@usa.gov,Audi,Allroad,2003,29412
358,Gilbertine,Nolan,gnolan9x@clickbank.net,Lamborghini,Murciélago,2002,99519
359,Wheeler,La Grange,wlagrange9y@gizmodo.com,GMC,3500,1999,27582
360,Ransell,Lawlings,rlawlings9z@utexas.edu,Subaru,Impreza,2008,40569
361,Abram,Girardot,agirardota0@e-recht24.de,Lexus,IS F,2009,65448
362,Borg,Gladhill,bgladhilla1@acquirethisname.com,Ford,F250,2002,59896
363,Lindsey,McGready,lmcgreadya2@netlog.com,GMC,Sierra 3500,2003,56944
364,Gilly,Veeler,gveelera3@bbb.org,Pontiac,Aztek,2002,31687
365,Gerrard,Heartfield,gheartfielda4@archive.org,Nissan,Murano,2004,83589
366,Lorena,Dibdin,ldibdina5@tamu.edu,Chrysler,Town & Country,1994,5418
367,Filia,Trevaskis,ftrevaskisa6@tripod.com,Lexus,ES,1990,13128
368,Joanie,Shreve,jshrevea7@amazon.co.uk,MINI,Cooper,2002,16303
369,Birgit,Rassell,brassella8@imdb.com,Volvo,V50,2010,14938
370,Blair,Waddams,bwaddamsa9@salon.com,Volvo,XC70,2009,88148
371,Clair,Ellesworth,cellesworthaa@businesswire.com,Dodge,Caravan,2006,20317
372,Guthrie,Dunley,gdunleyab@acquirethisname.com,Ford,Bronco,1984,85061
373,Stillmann,MacLardie,smaclardieac@dion.ne.jp,Volkswagen,New Beetle,2000,50337
374,Lanny,Jumeau,ljumeauad@google.com,Honda,CR-V,1997,5609
375,Bo,Penney,bpenneyae@over-blog.com,GMC,Savana 2500,2012,48925
376,Jennee,Moxted,jmoxtedaf@bbb.org,Infiniti,G,1995,78707
377,Jodi,Mingasson,jmingassonag@tmall.com,Chrysler,Imperial,1993,64639
378,Wiatt,Ridett,wridettah@businessweek.com,Mazda,Tribute,2011,81957
379,Brynn,Thebeaud,bthebeaudai@ucoz.com,Aston Martin,DBS,2011,82749
380,Demott,Creedland,dcreedlandaj@oracle.com,Volkswagen,Jetta,1986,81551
381,Lonee,Davisson,ldavissonak@google.es,Chevrolet,APV,1993,90381
382,Lock,Fenny,lfennyal@simplemachines.org,Honda,CR-V,2003,66259
383,Normy,Gossling,ngosslingam@economist.com,Lamborghini,Gallardo,2011,27528
384,Libbi,Hanshaw,lhanshawan@gnu.org,Scion,xB,2010,39434
385,Jedidiah,Hamelyn,jhamelynao@discuz.net,Dodge,Caliber,2009,82226
386,Candice,Glasbey,cglasbeyap@cbslocal.com,Cadillac,Escalade EXT,2011,70427
387,Constancy,Labell,clabellaq@joomla.org,Mercedes-Benz,300E,1992,33221
388,Teddie,Ipsly,tipslyar@paypal.com,Buick,Regal,1992,54580
389,Carena,Anney,canneyas@google.pl,Volvo,S80,2006,44484
390,Natalee,Anstee,nansteeat@ucoz.ru,Ford,Mustang,1997,23861
391,Janella,Coleford,jcolefordau@plala.or.jp,Oldsmobile,98,1994,65384
392,Crissy,Gillbey,cgillbeyav@123-reg.co.uk,Ford,Ranger,2002,95543
393,Kiri,Hooke,khookeaw@angelfire.com,Chevrolet,G-Series G10,1993,45513
394,Todd,Lau,tlauax@usa.gov,Toyota,Land Cruiser,1997,96164
395,Belva,Curry,bcurryay@forbes.com,GMC,Acadia,2008,69554
396,Shena,Prydie,sprydieaz@goo.ne.jp,Hummer,H2,2005,73198
397,Ashlee,Wagstaffe,awagstaffeb0@google.cn,Chevrolet,Suburban 2500,1992,91014
398,Benedicto,Jeayes,bjeayesb1@theguardian.com,Mercury,Tracer,1998,51817
399,Nick,Mirralls,nmirrallsb2@moonfruit.com,Ford,Torino,1970,97586
400,Mareah,Birkett,mbirkettb3@desdev.cn,Mitsubishi,Diamante,2001,77104
401,Elvina,Bartelot,ebartelotb4@weebly.com,GMC,Envoy,1998,48953
402,Howard,Ingliss,hinglissb5@barnesandnoble.com,Scion,xB,2006,61497
403,Anatole,Jennings,ajenningsb6@geocities.jp,Morgan,Aero 8,2006,44330
404,Daloris,Parradine,dparradineb7@jalbum.net,Ford,Edge,2010,57159
405,Hillery,Mouan,hmouanb8@istockphoto.com,Toyota,Yaris,2009,87294
406,Rori,Turbill,rturbillb9@loc.gov,BMW,X5 M,2010,17585
407,Darci,Rollingson,drollingsonba@bravesites.com,Lexus,GS,1993,66139
408,Vinnie,Pawelczyk,vpawelczykbb@paginegialle.it,Mazda,Millenia,1997,19898
409,Fitzgerald,Ludman,fludmanbc@imdb.com,Audi,S5,2010,57162
410,Emmy,Vial,evialbd@timesonline.co.uk,Mitsubishi,Truck,1991,37611
411,Winnie,Bruckshaw,wbruckshawbe@paypal.com,Lexus,SC,2003,13980
412,Allegra,Calcraft,acalcraftbf@comcast.net,BMW,5 Series,2003,99852
413,Cosetta,Clow,cclowbg@bluehost.com,GMC,Yukon XL 2500,2013,31083
414,Pinchas,Raddenbury,praddenburybh@reuters.com,Ford,Thunderbird,1989,21194
415,Allister,Vertey,averteybi@wikia.com,Plymouth,Acclaim,1992,93276
416,Christophe,Vasilyevski,cvasilyevskibj@google.de,Ford,Explorer Sport Trac,2001,14630
417,Brock,Vigers,bvigersbk@whitehouse.gov,Mazda,B-Series,2007,75257
418,Bard,Sheldon,bsheldonbl@nytimes.com,Chevrolet,Monte Carlo,2006,25330
419,Ailina,Basire,abasirebm@wikipedia.org,Acura,Integra,1995,4134
420,Kale,Haye,khayebn@ycombinator.com,Chevrolet,Venture,2002,77742
421,Sherman,Cattow,scattowbo@people.com.cn,Pontiac,Grand Am,1994,66377
422,Devinne,Trevers,dtreversbp@github.io,Hummer,H2 SUT,2006,30999
423,Joya,Easen,jeasenbq@fotki.com,Mercedes-Benz,GLK-Class,2011,48552
424,Etty,Greydon,egreydonbr@newsvine.com,Mercury,Lynx,1984,11552
425,Alyse,Vinten,avintenbs@oracle.com,Toyota,Celica,2005,66624
426,Gothart,Tippings,gtippingsbt@tinyurl.com,GMC,Sierra 1500,2013,48926
427,Farly,Rowswell,frowswellbu@themeforest.net,Mercedes-Benz,S-Class,2004,92422
428,Gwenny,Christensen,gchristensenbv@oaic.gov.au,Saab,9-5,2003,82922
429,Germana,Strettell,gstrettellbw@gov.uk,Mercury,Mariner,2011,34593
430,Sumner,Beaman,sbeamanbx@state.gov,Nissan,Quest,1993,11709
431,Dunn,Petrelluzzi,dpetrelluzziby@flickr.com,Acura,RDX,2011,501
432,Elwood,Sex,esexbz@deliciousdays.com,Infiniti,QX,2000,17637
433,Daron,Hundey,dhundeyc0@chicagotribune.com,Lexus,GS,2013,6308
434,Raviv,Lott,rlottc1@google.de,Mazda,Mazda3,2010,52532
435,Grantham,Bumphrey,gbumphreyc2@cnbc.com,Hyundai,Scoupe,1994,13424
436,Aleta,Batterbee,abatterbeec3@spotify.com,Ford,Contour,1995,56098
437,Yoshiko,Davidowsky,ydavidowskyc4@usda.gov,Honda,del Sol,1997,10313
438,Stevie,Jakubovics,sjakubovicsc5@hatena.ne.jp,Chevrolet,Malibu,2000,70435
439,Moishe,Albertson,malbertsonc6@google.com,Chevrolet,S10,2003,56593
440,Kippy,Reams,kreamsc7@google.pl,Dodge,Ram 2500 Club,1995,46612
441,Alia,Elstob,aelstobc8@nih.gov,GMC,Safari,1997,24839
442,Wenona,Jacqueme,wjacquemec9@bigcartel.com,Volvo,940,1992,21807
443,Balduin,Marrill,bmarrillca@behance.net,Infiniti,G,2001,90654
444,Katerina,Cicchillo,kcicchillocb@last.fm,Chevrolet,Impala SS,1994,88183
445,Tonie,Scranedge,tscranedgecc@arizona.edu,Lexus,GX,2007,64641
446,Torrey,MacRitchie,tmacritchiecd@sfgate.com,Ford,Thunderbird,1987,42730
447,Elyse,Lomax,elomaxce@eventbrite.com,Mazda,MX-3,1996,47238
448,Gabbi,Cromett,gcromettcf@mozilla.com,Toyota,Tacoma Xtra,2003,63430
449,Archaimbaud,Parrot,aparrotcg@booking.com,Honda,Element,2009,91404
450,Eula,Gerriessen,egerriessench@economist.com,Ford,F150,2000,65303
451,Farleigh,Lock,flockci@tamu.edu,Ford,E-Series,2010,99019
452,Melesa,Plews,mplewscj@hc360.com,Suzuki,Reno,2005,24897
453,Ginnie,St Leger,gstlegerck@pen.io,Lotus,Esprit,2004,78178
454,Kass,Fishbie,kfishbiecl@google.pl,Plymouth,Voyager,1996,17989
455,Ileane,Pfeffle,ipfefflecm@ning.com,Nissan,Pathfinder,1995,84562
456,Siegfried,Ousby,sousbycn@paginegialle.it,Chrysler,300,2005,82211
457,Germaine,Kelsell,gkelsellco@dailymail.co.uk,Saab,9000,1994,73037
458,Tarra,Curle,tcurlecp@posterous.com,Volvo,XC90,2003,84744
459,Kerrill,Rainsbury,krainsburycq@tumblr.com,Jeep,Grand Cherokee,1993,72032
460,Charlton,Schreurs,cschreurscr@yahoo.co.jp,Isuzu,Rodeo Sport,2003,46475
461,Brianne,Warters,bwarterscs@mail.ru,Ford,F350,1999,98787
462,Corty,Learoid,clearoidct@bizjournals.com,Lexus,CT,2012,91312
463,Justino,Fant,jfantcu@engadget.com,Oldsmobile,Aurora,1996,14850
464,Dall,MacKartan,dmackartancv@uiuc.edu,GMC,Sonoma,1992,73153
465,Tamara,Birtles,tbirtlescw@friendfeed.com,Hyundai,Excel,1993,48464
466,Alberta,Tarplee,atarpleecx@guardian.co.uk,Chevrolet,Suburban 2500,2007,38275
467,Glyn,Siderfin,gsiderfincy@github.io,Suzuki,Equator,2010,265
468,Read,Bragger,rbraggercz@4shared.com,Maybach,62,2003,63247
469,Venus,Alfonsetto,valfonsettod0@wikipedia.org,Mazda,Miata MX-5,1994,30972
470,Simone,Dove,sdoved1@arstechnica.com,Jaguar,XK Series,2002,65532
471,Idaline,Bagot,ibagotd2@meetup.com,Pontiac,Sunbird,1993,69820
472,Carney,Crates,ccratesd3@cnn.com,Infiniti,I,1998,2569
473,Silvana,Madgin,smadgind4@nifty.com,Lincoln,MKX,2010,54662
474,Doreen,Clapham,dclaphamd5@nytimes.com,Chevrolet,Venture,1998,74367
475,Neilla,Chamberlaine,nchamberlained6@stumbleupon.com,Hyundai,Equus,2012,16161
476,Elisha,Dirr,edirrd7@ustream.tv,Mitsubishi,Endeavor,2006,10727
477,Horten,Stiegers,hstiegersd8@paginegialle.it,Dodge,Stealth,1993,95688
478,Larine,Natte,lnatted9@webnode.com,Volvo,XC70,2004,33053
479,Merrick,Overy,moveryda@sina.com.cn,Mercury,Sable,1987,9727
480,Gertrudis,Sines,gsinesdb@mit.edu,GMC,Suburban 1500,1996,33424
481,Hercules,McKinn,hmckinndc@list-manage.com,Ford,Crown Victoria,2008,87991
482,Alf,Harold,aharolddd@shinystat.com,GMC,Canyon,2011,99601
483,Myrtia,Cartman,mcartmande@virginia.edu,GMC,Savana 2500,2002,93736
484,Emili,Hamlyn,ehamlyndf@trellian.com,Dodge,Grand Caravan,2002,72637
485,Moishe,Bartholin,mbartholindg@virginia.edu,Mitsubishi,Pajero,1995,99151
486,Burtie,Laborda,blabordadh@archive.org,Infiniti,FX,2010,99078
487,Wakefield,Labbe,wlabbedi@miitbeian.gov.cn,Dodge,Grand Caravan,2012,71457
488,Francis,Dinning,fdinningdj@ifeng.com,Isuzu,Hombre,2000,48117
489,Linn,Gillfillan,lgillfillandk@marriott.com,Lincoln,MKT,2013,27466
490,Inigo,Robecon,irobecondl@umich.edu,Ford,Crown Victoria,1992,53792
491,Dar,Crips,dcripsdm@discuz.net,Porsche,911,2000,93705
492,Lona,Haughin,lhaughindn@digg.com,Ford,Econoline E250,2002,2684
493,Orelie,Tonbridge,otonbridgedo@intel.com,Pontiac,Vibe,2006,51856
494,Gloriana,Belvard,gbelvarddp@google.pl,Ford,Taurus,1997,30959
495,Christophorus,Brandli,cbrandlidq@ameblo.jp,Chevrolet,G-Series G10,1995,56472
496,Nata,Laming,nlamingdr@jigsy.com,Ford,Econoline E150,1992,76249
497,Ethelind,Crossman,ecrossmands@naver.com,Pontiac,Grand Prix,1989,69390
498,Daveen,Storkes,dstorkesdt@mail.ru,Audi,S4,2008,19534
499,Janina,Cracker,jcrackerdu@japanpost.jp,Chevrolet,Venture,1999,57860
500,Meredith,Veighey,mveigheydv@rambler.ru,Lexus,SC,2010,89646
501,Jose,Fernan,jfernandw@nsw.gov.au,Dodge,Ram,2007,89410
502,Culver,Mixon,cmixondx@wisc.edu,Ford,Windstar,2000,5787
503,Margret,Cancellor,mcancellordy@xing.com,GMC,Sierra 2500,2010,22359
504,Dov,Valti,dvaltidz@lulu.com,Honda,Pilot,2009,1866
505,Hersh,Rouchy,hrouchye0@odnoklassniki.ru,Buick,Riviera,1979,66358
506,Elysee,Leathwood,eleathwoode1@omniture.com,Volvo,C30,2012,5057
507,Corey,Thomson,cthomsone2@dot.gov,Dodge,Dynasty,1993,23598
508,Marven,Logsdale,mlogsdalee3@walmart.com,Chevrolet,Impala,2009,95817
509,Ingamar,Dilland,idillande4@sciencedaily.com,Cadillac,XLR-V,2008,72174
510,Joshuah,Clarkin,jclarkine5@uiuc.edu,Chevrolet,Corvette,1986,78642
511,Janelle,Mundow,jmundowe6@yahoo.com,Honda,Civic,1990,84738
512,Ammamaria,Moretto,amorettoe7@rediff.com,Volvo,S40,2009,85406
513,Reginauld,McUre,rmcuree8@prlog.org,Toyota,Cressida,1992,1496
514,Loralee,Payfoot,lpayfoote9@scribd.com,Chevrolet,Corvette,1993,50611
515,Dniren,Fieldgate,dfieldgateea@craigslist.org,Volvo,V50,2005,83172
516,Francklin,Sallery,fsalleryeb@github.com,Eagle,Talon,1996,83580
517,Alfy,Cavan,acavanec@shop-pro.jp,Mercury,Grand Marquis,1992,66144
518,Leora,Mazonowicz,lmazonowiczed@behance.net,Audi,4000,1987,65517
519,Elspeth,Sawday,esawdayee@shinystat.com,Kia,Sorento,2006,48522
520,Carolin,Du Pre,cdupreef@domainmarket.com,Plymouth,Prowler,2000,48066
521,Sharia,Gheeorghie,sgheeorghieeg@live.com,Nissan,Quest,1999,85383
522,Bethena,Densey,bdenseyeh@diigo.com,Oldsmobile,88,1998,2055
523,Mathilde,Podmore,mpodmoreei@sun.com,Honda,Prelude,1994,56017
524,Bethena,Nickoll,bnickollej@chicagotribune.com,Toyota,Tercel,1992,31008
525,Augustine,Alberts,aalbertsek@fotki.com,BMW,X5,2007,14686
526,Philbert,Pawellek,ppawellekel@berkeley.edu,Mercedes-Benz,SLS AMG,2012,87509
527,Lorie,Cragell,lcragellem@techcrunch.com,Dodge,Ram 1500,2008,96685
528,Zsazsa,Vinau,zvinauen@vistaprint.com,Volkswagen,Fox,1990,34861
529,Hubie,Vinden,hvindeneo@is.gd,Mitsubishi,Cordia,1985,65583
530,Vivi,Swift,vswiftep@t.co,Mazda,Familia,1988,50282
531,Maryl,Leatherland,mleatherlandeq@barnesandnoble.com,Hyundai,Santa Fe,2007,88473
532,Nicole,Pickerin,npickeriner@seesaa.net,Buick,LeSabre,1986,99849
533,Cyril,Yaknov,cyaknoves@hugedomains.com,Ford,Ranger,1996,24917
534,Rod,Diggens,rdiggenset@deliciousdays.com,Jeep,Cherokee,1997,39402
535,Gusella,Haddy,ghaddyeu@wiley.com,Mercury,Mountaineer,2010,49757
536,Colette,Waker,cwakerev@sourceforge.net,Saturn,L-Series,2002,63942
537,Brunhilda,Prise,bpriseew@dell.com,Mercedes-Benz,CLS-Class,2012,49446
538,Smith,Gaiter,sgaiterex@elpais.com,Chevrolet,Express 3500,2010,22744
539,Julietta,Chrichton,jchrichtoney@abc.net.au,Chevrolet,Sportvan G20,1995,26915
540,Dita,Chavez,dchavezez@meetup.com,Plymouth,Acclaim,1994,15235
541,Antoine,Craw,acrawf0@baidu.com,Ford,Escape,2011,70343
542,Milli,Carrodus,mcarrodusf1@google.ca,Toyota,Avalon,2001,16501
543,Kaitlynn,Peebles,kpeeblesf2@engadget.com,Mercury,Marquis,1984,72658
544,Aland,Haggidon,ahaggidonf3@usatoday.com,Toyota,Land Cruiser,1998,73218
545,Nelia,Shevell,nshevellf4@utexas.edu,Lexus,GS,1997,25564
546,Joey,Beardsell,jbeardsellf5@moonfruit.com,Lincoln,LS,2003,70122
547,Tymothy,Vicioso,tviciosof6@nymag.com,Audi,Coupe GT,1987,22897
548,Teresita,Jerwood,tjerwoodf7@constantcontact.com,Plymouth,Grand Voyager,1994,97932
549,Sibley,Skellern,sskellernf8@freewebs.com,GMC,Savana 1500,1996,83956
550,Katherine,Kulas,kkulasf9@webs.com,Pontiac,Bonneville,1986,80483
551,Thurston,Kolyagin,tkolyaginfa@linkedin.com,Chevrolet,Camaro,2012,60599
552,Sauveur,Pochet,spochetfb@cnbc.com,Ford,Mustang,1999,42202
553,Dela,O'Shavlan,doshavlanfc@yelp.com,Dodge,Dakota,2000,83034
554,Alison,Bolens,abolensfd@xing.com,Lincoln,MKT,2012,45958
555,Jessie,Hawkyens,jhawkyensfe@spiegel.de,Oldsmobile,Alero,2002,68875
556,Anthia,Grierson,agriersonff@virginia.edu,Lexus,RX Hybrid,2006,53622
557,Abe,Webb-Bowen,awebbbowenfg@ft.com,Audi,TT,2002,57953
558,Stephannie,Finnes,sfinnesfh@ning.com,Ford,LTD Crown Victoria,1991,39588
559,Emera,Gryglewski,egryglewskifi@shareasale.com,Dodge,Charger,2008,8541
560,Jase,Tomisch,jtomischfj@unesco.org,MINI,Cooper Countryman,2012,65432
561,Albie,Gomery,agomeryfk@e-recht24.de,Mazda,RX-8,2007,74354
562,Emmeline,Melan,emelanfl@lycos.com,Mercedes-Benz,CL-Class,2012,10863
563,Una,Patry,upatryfm@bizjournals.com,Hyundai,Excel,1992,69689
564,Zarah,Cleverley,zcleverleyfn@trellian.com,Ferrari,612 Scaglietti,2010,71265
565,Annecorinne,Fardell,afardellfo@blogs.com,Buick,LaCrosse,2011,17823
566,Leonhard,Filipyev,lfilipyevfp@amazon.co.jp,Chevrolet,Suburban 1500,1999,30322
567,Johnathon,Housegoe,jhousegoefq@meetup.com,GMC,Yukon,1998,96568
568,Hunfredo,Christaeas,hchristaeasfr@ovh.net,Mazda,Protege,1992,10109
569,Kimbra,Hamley,khamleyfs@slate.com,Chevrolet,Corvette,1972,61891
570,Leonie,Sowten,lsowtenft@cdbaby.com,Dodge,Ram Van 1500,1998,67499
571,Orran,Schultze,oschultzefu@cafepress.com,Kia,Mentor,1997,69211
572,Alexandros,Mehaffey,amehaffeyfv@ft.com,Chevrolet,Express 3500,2005,11702
573,Lodovico,Odcroft,lodcroftfw@about.com,Volkswagen,Passat,1993,61162
574,Tristam,Astell,tastellfx@arizona.edu,Acura,Integra,1997,9493
575,Padget,Perigoe,pperigoefy@thetimes.co.uk,Mercedes-Benz,M-Class,2004,69645
576,Kara,Balazs,kbalazsfz@eventbrite.com,Pontiac,Daewoo Kalos,2005,57390
577,Bogart,Joynson,bjoynsong0@hexun.com,Dodge,Charger,2009,42081
578,Erwin,Roscam,eroscamg1@oakley.com,Porsche,Cayman,2008,67705
579,Mair,Billyard,mbillyardg2@indiegogo.com,Acura,TL,2008,40091
580,Benedicta,Florez,bflorezg3@who.int,Toyota,T100 Xtra,1995,95486
581,Atlante,Rozzier,arozzierg4@kickstarter.com,Suzuki,SJ,1989,96668
582,Ellary,Ferie,eferieg5@pagesperso-orange.fr,GMC,Savana 2500,2010,8987
583,Park,Houseley,phouseleyg6@technorati.com,Dodge,Daytona,1984,25789
584,Lily,Rossiter,lrossiterg7@thetimes.co.uk,Jaguar,XF,2009,39869
585,Gwen,Leatherborrow,gleatherborrowg8@irs.gov,Audi,90,1994,61449
586,Zelma,Sebright,zsebrightg9@blinklist.com,Oldsmobile,98,1992,45064
587,Doralin,Kiddey,dkiddeyga@hud.gov,Pontiac,GTO,1974,84506
588,Jany,Aiton,jaitongb@google.com.br,GMC,Sonoma,1998,89232
589,Crista,Ollander,collandergc@ow.ly,Audi,TT,2006,10620
590,Marjorie,Silverthorne,msilverthornegd@angelfire.com,Eagle,Summit,1995,94510
591,Barris,Eyree,beyreege@webnode.com,Hyundai,Sonata,2004,39695
592,Wren,Harwood,wharwoodgf@live.com,Toyota,Tacoma Xtra,2002,61608
593,Rochester,Nealand,rnealandgg@ihg.com,Jeep,Wrangler,2009,72722
594,Shayne,Darell,sdarellgh@networksolutions.com,Nissan,370Z,2011,67735
595,Madlin,Doniso,mdonisogi@1688.com,Hyundai,Accent,2007,53781
596,Gunner,Gair,ggairgj@addtoany.com,Chevrolet,Blazer,2003,17852
597,Lelia,Shyram,lshyramgk@soundcloud.com,Subaru,Outback,2002,7352
598,Rosie,Dennison,rdennisongl@rakuten.co.jp,Dodge,Shadow,1993,56834
599,Vinita,Hotchkin,vhotchkingm@nbcnews.com,Oldsmobile,Bravada,2004,62694
600,Ondrea,Emlyn,oemlyngn@hc360.com,Volvo,S70,1998,13841
601,Noelle,Kinahan,nkinahango@amazon.com,Chevrolet,Express 3500,2003,24302
602,Avril,Marcam,amarcamgp@quantcast.com,Chevrolet,Camaro,1981,89899
603,Arni,Eilhermann,aeilhermanngq@globo.com,Isuzu,Impulse,1992,72103
604,Heloise,Astridge,hastridgegr@topsy.com,Mazda,B-Series,1998,22068
605,Chariot,Cristofvao,ccristofvaogs@biblegateway.com,Honda,Civic Si,2006,18107
606,Laird,O'Doireidh,lodoireidhgt@dailymail.co.uk,Hummer,H2,2007,34505
607,Chaddy,O'Fielly,cofiellygu@marketwatch.com,Chevrolet,Impala SS,1994,89766
608,Emlynne,Ockleshaw,eockleshawgv@cargocollective.com,Mitsubishi,Truck,1985,1766
609,Jeromy,Eveleigh,jeveleighgw@webnode.com,Pontiac,Tempest,1967,26817
610,Stacee,Tyne,stynegx@usa.gov,Chevrolet,Sportvan G30,1993,26360
611,Tallie,Brewood,tbrewoodgy@cisco.com,Dodge,Aspen,1976,77478
612,Butch,O'Connel,boconnelgz@gnu.org,Suzuki,Grand Vitara,2003,33682
613,Dreddy,McCourtie,dmccourtieh0@wiley.com,Mitsubishi,Eclipse,2003,36199
614,Carmen,Hadwen,chadwenh1@huffingtonpost.com,Chevrolet,Impala,2009,70289
615,Geoff,Robardley,grobardleyh2@thetimes.co.uk,Ford,Fusion,2007,61982
616,Britte,Seyler,bseylerh3@lulu.com,Ford,Escort,1990,5563
617,Andris,Hoodspeth,ahoodspethh4@patch.com,Hyundai,Sonata,2010,80423
618,Tuesday,Scawen,tscawenh5@shinystat.com,GMC,3500 Club Coupe,1992,41360
619,Mayer,Walasik,mwalasikh6@upenn.edu,Suzuki,Swift,1998,86839
620,Abraham,Lovett,alovetth7@cisco.com,Mercury,Grand Marquis,1994,98425
621,Amitie,Elias,aeliash8@nih.gov,Ford,F250,1997,91541
622,Meryl,Habbershon,mhabbershonh9@china.com.cn,BMW,5 Series,2002,21313
623,Doria,Mayow,dmayowha@adobe.com,Isuzu,Trooper,2002,79525
624,Bria,Goggin,bgogginhb@addthis.com,Suzuki,XL-7,2005,38805
625,Claudina,Longstaff,clongstaffhc@jugem.jp,Dodge,Ram Van 1500,1997,63644
626,Percival,Sprake,psprakehd@fc2.com,Kia,Sportage,1997,84336
627,Isabeau,Monsey,imonseyhe@amazonaws.com,Pontiac,Sunfire,2004,46539
628,Spike,Jeromson,sjeromsonhf@businessinsider.com,Infiniti,Q,2005,70579
629,Wolfy,Jarrell,wjarrellhg@chicagotribune.com,Chevrolet,Express 1500,1997,1682
630,Kenyon,Kilgrove,kkilgrovehh@e-recht24.de,Buick,Roadmaster,1991,91885
631,Damiano,Alessandretti,dalessandrettihi@php.net,Mazda,323,1994,87278
632,Gilburt,Death,gdeathhj@usa.gov,Toyota,Camry,2007,89915
633,Klarrisa,Lethbridge,klethbridgehk@smh.com.au,Acura,TL,1996,94981
634,Misha,Sexcey,msexceyhl@free.fr,Volvo,S40,2000,66641
635,Debor,Cissell,dcissellhm@hhs.gov,Cadillac,CTS,2003,32590
636,Mina,Holdworth,mholdworthhn@cpanel.net,Land Rover,Range Rover,2000,96787
637,Gabie,Dumbreck,gdumbreckho@usatoday.com,Lamborghini,Diablo,1996,30657
638,Jedediah,Blenkhorn,jblenkhornhp@mapquest.com,Oldsmobile,Cutlass,1998,95289
639,Holly,Allnatt,hallnatthq@ft.com,Lincoln,Town Car,1995,12261
640,Graeme,Petrovykh,gpetrovykhhr@ehow.com,Chevrolet,Astro,1998,70385
641,Dario,Chesworth,dchesworthhs@weebly.com,Toyota,Venza,2011,61073
642,Alfonso,Jentet,ajentetht@alexa.com,Lexus,LX,2001,63721
643,Lacie,Bafford,lbaffordhu@xrea.com,Toyota,MR2,2001,31731
644,Cornelle,Tomich,ctomichhv@cornell.edu,Mazda,MX-5,2007,59876
645,Malia,Lacotte,mlacottehw@yelp.com,Suzuki,Forenza,2007,59364
646,Jemmy,Fawson,jfawsonhx@mediafire.com,Toyota,Land Cruiser,1998,70173
647,Yancey,Prandoni,yprandonihy@4shared.com,Dodge,Ram 2500,1994,26292
648,Albie,Borge,aborgehz@flavors.me,BMW,Z4,2006,45363
649,Jude,Pilfold,jpilfoldi0@addthis.com,Ford,Econoline E350,1995,56443
650,Karalee,Roads,kroadsi1@latimes.com,Chevrolet,Corvette,1973,67402
651,Nicolina,Tettley,ntettleyi2@nhs.uk,BMW,5 Series,1993,18365
652,Damien,Harrower,dharroweri3@altervista.org,Chevrolet,Avalanche,2002,93848
653,Konrad,Macvey,kmacveyi4@alexa.com,Saab,9-7X,2009,10824
654,Udell,McGooch,umcgoochi5@google.cn,Ford,Taurus,1987,24438
655,Linette,Treece,ltreecei6@macromedia.com,Scion,tC,2005,60571
656,Vivia,Bevens,vbevensi7@ucoz.com,Plymouth,Grand Voyager,1999,28992
657,Jsandye,Spir,jspiri8@privacy.gov.au,Mitsubishi,Galant,1984,73731
658,Marabel,Thurlborn,mthurlborni9@nba.com,Ford,F150,2012,13346
659,Levey,Bedrosian,lbedrosiania@bravesites.com,Volkswagen,Golf,1976,97357
660,Sunshine,Lacase,slacaseib@army.mil,Ford,Windstar,2004,37078
661,Anjela,Camamile,acamamileic@amazon.com,Infiniti,G,2011,71421
662,Kerrie,Cutmore,kcutmoreid@example.com,Pontiac,LeMans,1968,50090
663,Emily,Root,erootie@geocities.jp,Jeep,Commander,2010,96679
664,Kliment,Snelling,ksnellingif@samsung.com,Land Rover,Freelander,2001,32569
665,Darryl,Southcomb,dsouthcombig@patch.com,Panoz,Esperante,2007,13920
666,Richmound,Moorfield,rmoorfieldih@umn.edu,Hyundai,Accent,2004,23246
667,Tarra,Howship,thowshipii@dedecms.com,Toyota,T100,1997,81854
668,Cliff,Fernan,cfernanij@themeforest.net,Pontiac,Montana,2006,83907
669,Lotti,Bernardeau,lbernardeauik@forbes.com,Jaguar,S-Type,2001,44775
670,Laurene,Leupoldt,lleupoldtil@nytimes.com,BMW,M,2002,66419
671,Gloria,Fairest,gfairestim@jimdo.com,Toyota,Prius,2006,17587
672,Gillian,Slater,gslaterin@unc.edu,Lexus,GX,2004,43008
673,Ardith,Wadeson,awadesonio@eepurl.com,Lincoln,Navigator,2005,56139
674,Ruprecht,Cutchee,rcutcheeip@ebay.co.uk,Kia,Amanti,2004,97882
675,Gage,Shoulders,gshouldersiq@smh.com.au,Mazda,B-Series Plus,1996,63955
676,Harland,Cudbertson,hcudbertsonir@admin.ch,Ford,Taurus X,2008,89329
677,Aldon,Lafrentz,alafrentzis@sciencedirect.com,Lincoln,Town Car,1996,26437
678,Nadean,Biswell,nbiswellit@twitter.com,Chrysler,PT Cruiser,2002,59126
679,Gae,Dyne,gdyneiu@dedecms.com,Ford,Escort,1991,6774
680,Nelia,Tidman,ntidmaniv@networksolutions.com,Suzuki,SX4,2007,62385
681,Chalmers,Neath,cneathiw@techcrunch.com,BMW,X6,2010,1311
682,Brander,Camier,bcamierix@guardian.co.uk,Smart,Fortwo,2009,42495
683,Elia,Boik,eboikiy@google.it,GMC,2500,1994,31811
684,Giff,Bowdrey,gbowdreyiz@nature.com,Chevrolet,Venture,1999,17549
685,Prince,Carles,pcarlesj0@buzzfeed.com,Dodge,Ram 2500,1995,46094
686,Thorstein,Ebbage,tebbagej1@printfriendly.com,Chevrolet,Lumina APV,1992,84961
687,Cornela,Harridge,charridgej2@hostgator.com,Subaru,Legacy,2012,44360
688,Diahann,Macrow,dmacrowj3@who.int,Porsche,Boxster,1998,67568
689,Mil,Methingam,mmethingamj4@disqus.com,Mitsubishi,Montero Sport,2002,61084
690,Avram,Wankel,awankelj5@nydailynews.com,Volkswagen,Scirocco,1985,41771
691,Abey,Breyt,abreytj6@sphinn.com,Kia,Borrego,2009,71011
692,Stinky,Saddington,ssaddingtonj7@sciencedaily.com,Chevrolet,Avalanche 2500,2004,87584
693,Nettle,MacGaughey,nmacgaugheyj8@reddit.com,Jaguar,XJ,2008,56378
694,Joellyn,Wigmore,jwigmorej9@furl.net,Ram,2500,2012,18722
695,Jessie,Canton,jcantonja@upenn.edu,Porsche,928,1995,88932
696,Cordi,Brudenell,cbrudenelljb@skyrock.com,Mercury,Villager,1994,38046
697,Carolus,Rozenbaum,crozenbaumjc@cloudflare.com,Ford,LTD Crown Victoria,1993,9268
698,Jonah,Swanwick,jswanwickjd@noaa.gov,Ford,Freestyle,2005,88524
699,Kale,Stadden,kstaddenje@dailymail.co.uk,GMC,Envoy XL,2006,61054
700,Maribel,Terrell,mterrelljf@oaic.gov.au,Cadillac,CTS-V,2012,64770
701,Melonie,Mecchi,mmecchijg@slashdot.org,Hyundai,Santa Fe,2006,420
702,Marcelia,Francescuzzi,mfrancescuzzijh@globo.com,BMW,Z4,2006,5092
703,Maximilian,Cowx,mcowxji@unesco.org,Buick,LaCrosse,2010,11705
704,Laverna,Jansky,ljanskyjj@oakley.com,Lincoln,Continental,1988,20371
705,Bendick,Bellinger,bbellingerjk@bizjournals.com,Toyota,Prius,2010,4411
706,Kerrie,Gofforth,kgofforthjl@mtv.com,Chevrolet,Express 2500,2008,41198
707,Lilia,Jakolevitch,ljakolevitchjm@jiathis.com,Chevrolet,Astro,2003,31474
708,Ericka,Holt,eholtjn@fastcompany.com,GMC,1500,1992,23075
709,Frants,Armiger,farmigerjo@feedburner.com,Ford,Econoline E150,1999,3637
710,Jedediah,Shulem,jshulemjp@boston.com,Infiniti,G25,2012,8488
711,Linoel,Barkshire,lbarkshirejq@boston.com,Ford,Thunderbird,1977,46616
712,Ezmeralda,Jenoure,ejenourejr@theglobeandmail.com,Pontiac,Daewoo Kalos,2006,27188
713,Allis,Westall,awestalljs@mail.ru,Volkswagen,Golf,1984,94125
714,Xenos,Danelet,xdaneletjt@google.ca,Isuzu,Stylus,1992,42340
715,Ariela,Lomath,alomathju@shinystat.com,Ford,Aerostar,1997,56411
716,Lacy,Kybird,lkybirdjv@engadget.com,Jeep,Wrangler,2003,38805
717,Abraham,McNeely,amcneelyjw@a8.net,Mitsubishi,Pajero,2001,41395
718,Conrade,Beernaert,cbeernaertjx@issuu.com,Nissan,Frontier,2009,49535
719,Violante,Yoell,vyoelljy@cbc.ca,Dodge,Avenger,2012,79884
720,Ulrich,Geibel,ugeibeljz@umich.edu,Plymouth,Breeze,1999,33234
721,Gwendolen,Sterte,gstertek0@parallels.com,Porsche,Cayenne,2009,94171
722,Annabela,Holbarrow,aholbarrowk1@newsvine.com,Lincoln,Navigator,2005,4404
723,Nike,Brigham,nbrighamk2@seattletimes.com,Suzuki,SX4,2009,38760
724,Alexandr,Mears,amearsk3@blogger.com,Volvo,XC60,2011,31034
725,Lorine,Calan,lcalank4@gravatar.com,Chevrolet,Express 2500,2012,19137
726,Pepe,Arboine,parboinek5@theguardian.com,Acura,MDX,2005,66235
727,Darsie,Flacke,dflackek6@ebay.co.uk,Infiniti,QX,2010,47400
728,Bethina,Weal,bwealk7@netvibes.com,GMC,Envoy,2002,11840
729,Keven,Madine,kmadinek8@privacy.gov.au,Mazda,Tribute,2006,28145
730,Taddeo,Stainsby,tstainsbyk9@wisc.edu,Cadillac,Escalade,2009,90009
731,Benedikta,Ianittello,bianittelloka@amazonaws.com,Chevrolet,Express 2500,2006,28157
732,Mirabella,Iannitti,miannittikb@diigo.com,Porsche,944,1987,11165
733,Jewel,Leban,jlebankc@google.cn,GMC,Savana,2012,74555
734,Gratiana,Peppard,gpeppardkd@wsj.com,Ford,Econoline E350,1994,23583
735,Haley,Atcherley,hatcherleyke@bravesites.com,Chrysler,Town & Country,1999,9173
736,Sonia,Dei,sdeikf@narod.ru,Land Rover,Range Rover,1986,5481
737,Giordano,Guess,gguesskg@twitter.com,Lexus,SC,2010,8645
738,Julissa,Maus,jmauskh@meetup.com,Kia,Sportage,2000,45308
739,Jayson,Dailey,jdaileyki@sakura.ne.jp,BMW,Z3,2000,92443
740,Wrennie,Gowdridge,wgowdridgekj@berkeley.edu,Ford,Flex,2010,6837
741,Katheryn,Larrosa,klarrosakk@drupal.org,Volkswagen,Eos,2009,90451
742,Garvey,Gregory,ggregorykl@slate.com,Honda,CR-V,2012,34301
743,Ruddy,Sweetman,rsweetmankm@cmu.edu,Nissan,Maxima,2001,13744
744,Vivian,Althrope,valthropekn@baidu.com,Lamborghini,Diablo,2001,82225
745,Chadd,Mariault,cmariaultko@patch.com,Dodge,Caravan,2008,97366
746,Shadow,Kuscha,skuschakp@stumbleupon.com,Nissan,Pathfinder Armada,2004,4769
747,Joellyn,Collyns,jcollynskq@istockphoto.com,Mitsubishi,Mighty Max,1994,5331
748,Frasquito,Faragher,ffaragherkr@guardian.co.uk,Honda,Accord Crosstour,2011,35012
749,Baudoin,Walbrook,bwalbrookks@webeden.co.uk,Ford,Focus,2006,21930
750,Lonny,Levene,llevenekt@google.com,Chevrolet,Cavalier,2002,93514
751,Colin,Tidd,ctiddku@tiny.cc,Lexus,LX,2013,60990
752,Haven,Endrizzi,hendrizzikv@indiatimes.com,Pontiac,Sunbird,1994,47361
753,Lefty,Maus,lmauskw@stumbleupon.com,Mercedes-Benz,190E,1992,39508
754,Jessamine,Parnby,jparnbykx@youku.com,Hyundai,Elantra,2010,42504
755,Derril,Lovejoy,dlovejoyky@narod.ru,Volvo,XC90,2011,32302
756,Pate,Quennell,pquennellkz@shareasale.com,Buick,LaCrosse,2007,3241
757,Markus,O'Scannill,moscannilll0@discovery.com,Cadillac,SRX,2007,96936
758,Read,Buddock,rbuddockl1@networkadvertising.org,Dodge,Caravan,1993,97035
759,Cally,Tartt,ctarttl2@hp.com,Ford,Contour,1996,53577
760,Auberta,Tibols,atibolsl3@sphinn.com,Volkswagen,New Beetle,2008,59064
761,Dru,Wilby,dwilbyl4@jimdo.com,Dodge,Dakota,1992,43052
762,Niven,Sleightholm,nsleightholml5@mozilla.org,GMC,Savana 3500,2008,68048
763,Clair,Zanutti,czanuttil6@forbes.com,Jeep,Cherokee,1997,67449
764,Farr,McAless,fmcalessl7@apple.com,Honda,Passport,1998,35555
765,Jobi,Doig,jdoigl8@psu.edu,Volvo,S60,2010,8023
766,Roxie,Castellani,rcastellanil9@cisco.com,Mitsubishi,i-MiEV,2012,13195
767,Iggy,Worsnip,iworsnipla@skype.com,Ford,Contour,1996,13051
768,Toiboid,Tremblett,ttremblettlb@multiply.com,Toyota,Prius Plug-in,2012,51670
769,Jacinda,McKevin,jmckevinlc@sakura.ne.jp,Mazda,Familia,1988,95309
770,Pietro,Donaher,pdonaherld@w3.org,Mitsubishi,Tredia,1985,41910
771,Earvin,Moscon,emosconle@ameblo.jp,Infiniti,M,2004,83236
772,Emera,Dachey,edacheylf@samsung.com,MINI,Clubman,2010,80158
773,Michell,Cusack,mcusacklg@cisco.com,Dodge,Caravan,2009,99360
774,Dougy,Varvara,dvarvaralh@wp.com,Ford,Taurus,1991,24928
775,Tawnya,Seegar,tseegarli@boston.com,GMC,Terrain,2010,38761
776,Griffie,Gonzalvo,ggonzalvolj@mashable.com,Buick,Skylark,1997,39148
777,Annabelle,Gulberg,agulberglk@soup.io,Cadillac,Escalade,2008,24472
778,Dud,Greendale,dgreendalell@globo.com,Mercedes-Benz,SLS AMG,2012,42151
779,Joshuah,Scudder,jscudderlm@gmpg.org,Mazda,B-Series Plus,2003,8935
780,Chadd,Dundon,cdundonln@weibo.com,Toyota,T100,1996,1908
781,Ricardo,Vane,rvanelo@youku.com,Lincoln,Continental Mark VII,1987,9168
782,Kristan,Ivasyushkin,kivasyushkinlp@fc2.com,Subaru,Legacy,2007,21950
783,Candie,Miguet,cmiguetlq@un.org,Toyota,4Runner,2001,56926
784,Keary,Dockwray,kdockwraylr@uol.com.br,Mazda,MPV,1991,56520
785,Grady,Drewry,gdrewryls@dagondesign.com,Buick,Regal,1989,12065
786,Ainsley,Philbrick,aphilbricklt@yelp.com,Buick,Skyhawk,1988,79412
787,Jillane,Sartin,jsartinlu@plala.or.jp,Mercedes-Benz,CLK-Class,1999,25962
788,Simone,Mattussevich,smattussevichlv@paginegialle.it,Honda,Insight,2005,59183
789,Dilly,Dann,ddannlw@yandex.ru,Subaru,Tribeca,2009,81603
790,Amaleta,Wysome,awysomelx@miitbeian.gov.cn,Nissan,Altima,2010,50365
791,Reba,Bonfield,rbonfieldly@moonfruit.com,Ford,Windstar,1998,89860
792,Berke,Aliberti,balibertilz@ted.com,Maserati,GranSport,2006,16103
793,Pauly,Knewstub,pknewstubm0@loc.gov,Mercury,Montego,2007,10173
794,Town,Boatwright,tboatwrightm1@comsenz.com,Chevrolet,Uplander,2007,30878
795,Emylee,Charopen,echaropenm2@huffingtonpost.com,Mitsubishi,Eclipse,2011,35423
796,Stormy,Chern,schernm3@sun.com,Nissan,Murano,2012,43447
797,Brad,Boffin,bboffinm4@nationalgeographic.com,Suzuki,Swift,2006,36534
798,Claribel,Batalle,cbatallem5@pcworld.com,Dodge,Ram 1500 Club,1997,64746
799,Mozes,Bootes,mbootesm6@cnn.com,Mercury,Marauder,2004,93644
800,Vicki,Olding,voldingm7@slashdot.org,Toyota,T100 Xtra,1997,80594
801,Griffith,Belshaw,gbelshawm8@goo.ne.jp,Suzuki,Equator,2010,99030
802,Josh,Imason,jimasonm9@ustream.tv,Dodge,D350 Club,1993,85450
803,Joellen,Gryglewski,jgryglewskima@4shared.com,Chevrolet,Camaro,1995,40317
804,Ash,Lounds,aloundsmb@multiply.com,Pontiac,Firebird,1997,30178
805,Ogden,Lowdyane,olowdyanemc@digg.com,Pontiac,Aztek,2004,25813
806,Dix,Frawley,dfrawleymd@cargocollective.com,Aptera,Typ-1,2008,31165
807,Lorianne,Ebbing,lebbingme@wsj.com,Mercury,Topaz,1989,48366
808,Wendye,McCook,wmccookmf@google.com.br,Cadillac,DeVille,1993,92712
809,Jobey,Steedman,jsteedmanmg@soundcloud.com,Chrysler,Town & Country,1993,49107
810,Barris,Hallede,bhalledemh@imgur.com,Suzuki,SJ,1985,39087
811,Hernando,McKechnie,hmckechniemi@google.de,Acura,TSX,2011,34502
812,Cristi,Crocker,ccrockermj@smh.com.au,Chevrolet,Suburban 2500,2009,82041
813,Paulette,Hanscombe,phanscombemk@bbc.co.uk,Chevrolet,Caprice,1977,8934
814,Gianni,Schenfisch,gschenfischml@sogou.com,Acura,Integra,1996,86470
815,Cirillo,Butland,cbutlandmm@wordpress.com,Mercedes-Benz,GL-Class,2007,75445
816,Lindie,Bauer,lbauermn@jiathis.com,Mazda,Tribute,2008,96027
817,Hildegarde,Longthorn,hlongthornmo@acquirethisname.com,Toyota,RAV4,1997,73749
818,Porty,Westmacott,pwestmacottmp@ocn.ne.jp,Infiniti,I,1999,56113
819,Greggory,Gabe,ggabemq@netlog.com,Chevrolet,Corvette,1973,89594
820,Vonnie,Castellet,vcastelletmr@cnet.com,Mitsubishi,Lancer,2001,43453
821,Shirleen,Izard,sizardms@weebly.com,Jeep,Liberty,2009,23726
822,Aubine,Sundin,asundinmt@google.ru,Chevrolet,Cobalt SS,2008,51220
823,Josefa,Cerro,jcerromu@census.gov,GMC,1500 Club Coupe,1993,27888
824,Nat,Apperley,napperleymv@admin.ch,Land Rover,Range Rover Sport,2012,89231
825,Nissy,Wiggam,nwiggammw@vk.com,Land Rover,Discovery,1998,62444
826,Gaby,Stearndale,gstearndalemx@engadget.com,Volvo,V70,2000,88408
827,Jessa,Fogel,jfogelmy@miitbeian.gov.cn,Lexus,LS,2005,6692
828,Ringo,Stuckey,rstuckeymz@istockphoto.com,Chevrolet,Express 1500,1997,45223
829,Gilli,Concklin,gconcklinn0@dot.gov,GMC,Sierra 1500,2010,3491
830,Orland,Presdie,opresdien1@nytimes.com,Cadillac,CTS,2006,83777
831,Ware,Buttel,wbutteln2@pen.io,Volkswagen,Jetta,2012,41293
832,Deeanne,Braney,dbraneyn3@flavors.me,Audi,A8,2004,5505
833,Courtenay,Papa,cpapan4@skype.com,Infiniti,FX,2004,87982
834,Aundrea,Lockwood,alockwoodn5@webeden.co.uk,Audi,A8,2002,41844
835,Belia,Fley,bfleyn6@economist.com,Jaguar,S-Type,2002,65811
836,Chester,Loker,clokern7@com.com,Ford,F150,1993,64109
837,Bryana,Brightie,bbrightien8@cyberchimps.com,Bentley,Continental GT,2008,50309
838,Quincey,Clague,qclaguen9@imageshack.us,Volkswagen,Eurovan,2000,4297
839,April,Gilmour,agilmourna@yelp.com,Suzuki,Grand Vitara,2012,23876
840,Trixie,Freeland,tfreelandnb@nationalgeographic.com,Mitsubishi,Galant,1984,38966
841,Merrile,Rozalski,mrozalskinc@posterous.com,Cadillac,Escalade,2007,85494
842,Angelico,Petkov,apetkovnd@mail.ru,Porsche,Panamera,2013,880
843,Jim,Brouwer,jbrouwerne@go.com,Buick,Century,1998,34979
844,Ailsun,Pennock,apennocknf@reuters.com,Suzuki,Reno,2008,81930
845,Arlena,Stenyng,astenyngng@studiopress.com,Buick,Roadmaster,1996,49705
846,Yolanthe,Lambole,ylambolenh@amazon.co.uk,Subaru,Legacy,2008,85249
847,Madalyn,Dunkinson,mdunkinsonni@163.com,Mercury,Marauder,2003,23755
848,Opaline,Meneyer,omeneyernj@bluehost.com,Mercedes-Benz,GL-Class,2008,6499
849,Rhianon,Magowan,rmagowannk@pbs.org,Hyundai,Santa Fe,2012,20722
850,Ashley,Lambrecht,alambrechtnl@cnbc.com,Subaru,Forester,2006,48296
851,Derrick,Hurry,dhurrynm@digg.com,Ford,F250,1994,46847
852,Shay,Langrick,slangricknn@virginia.edu,Saturn,S-Series,1995,11010
853,Lauraine,Paynter,lpaynterno@washington.edu,Mitsubishi,Eclipse,1999,49336
854,Ekaterina,Yuryatin,eyuryatinnp@about.me,Mercedes-Benz,E-Class,1996,5157
855,Celene,Edworthie,cedworthienq@mozilla.com,Lincoln,MKZ,2012,24857
856,Fields,Looks,flooksnr@flickr.com,Volkswagen,rio,1997,59977
857,Alexio,Lawrenz,alawrenzns@fastcompany.com,Maybach,62,2007,35208
858,Larine,Pietri,lpietrint@squidoo.com,Toyota,Paseo,1993,90504
859,Florri,Szach,fszachnu@cisco.com,Dodge,Challenger,2010,30226
860,Arin,Drysdale,adrysdalenv@arizona.edu,Toyota,Matrix,2003,13662
861,Ethel,Mengue,emenguenw@amazon.com,BMW,5 Series,2008,26604
862,Yelena,Ogdahl,yogdahlnx@apple.com,Acura,TL,2000,32366
863,Ravi,Shelp,rshelpny@last.fm,Dodge,Caravan,2000,98864
864,Ardelis,Keyden,akeydennz@sogou.com,Chevrolet,Express 2500,2009,8012
865,Heywood,MacTrustrie,hmactrustrieo0@loc.gov,Mazda,B-Series Plus,2002,62287
866,Herc,Beeck,hbeecko1@51.la,Bentley,Continental GT,2008,79101
867,Sydel,McGaffey,smcgaffeyo2@indiatimes.com,Chrysler,Concorde,2001,73910
868,Juan,Sturzaker,jsturzakero3@nhs.uk,GMC,Yukon Denali,2000,5956
869,Kaitlin,Valintine,kvalintineo4@deliciousdays.com,Dodge,Ram Wagon B350,1994,75312
870,Henrieta,Jewers,hjewerso5@mozilla.com,Ford,F250,2005,70660
871,Ingeberg,Soles,isoleso6@foxnews.com,Ford,F250,2002,89918
872,Vania,Pitson,vpitsono7@trellian.com,Mazda,MX-5,1997,94762
873,Lalo,Lorman,llormano8@businessweek.com,Dodge,Neon,2000,11658
874,Hillery,McKay,hmckayo9@ca.gov,Scion,xA,2004,40021
875,Claus,Mahomet,cmahometoa@com.com,Mercedes-Benz,C-Class,1999,68304
876,Orville,Steinhammer,osteinhammerob@blogspot.com,Mazda,B-Series Plus,2003,58739
877,Odo,Gooddie,ogooddieoc@e-recht24.de,Mercury,Grand Marquis,1984,87103
878,Jamey,Frier,jfrierod@symantec.com,Isuzu,Trooper,2000,1072
879,Roley,Cosby,rcosbyoe@nhs.uk,Dodge,Journey,2012,36052
880,Nickola,Dutson,ndutsonof@uiuc.edu,Chevrolet,Suburban 1500,2001,84358
881,Vasili,Bonhill,vbonhillog@imgur.com,Nissan,Altima,2009,83981
882,Nessi,Bellward,nbellwardoh@nytimes.com,Studebaker,Avanti,1964,48269
883,Lurlene,Batie,lbatieoi@dailymail.co.uk,GMC,Sonoma Club Coupe,1997,42648
884,Richardo,Mayers,rmayersoj@joomla.org,Ford,Laser,1985,82037
885,Kris,Solomonides,ksolomonidesok@dot.gov,Ford,Econoline E250,1992,16419
886,Carissa,Baudins,cbaudinsol@dell.com,Mitsubishi,Mirage,1988,63819
887,Josi,Cattellion,jcattellionom@cnet.com,Scion,xB,2008,73193
888,Zsa zsa,Swansbury,zswansburyon@microsoft.com,BMW,650,2006,32400
889,Ruben,Woolway,rwoolwayoo@devhub.com,Hyundai,Tucson,2012,37201
890,Kingsley,Maudlin,kmaudlinop@ft.com,Saturn,Relay,2006,23538
891,Greg,Gee,ggeeoq@pagesperso-orange.fr,BMW,X6 M,2011,47903
892,Mallory,Giovannilli,mgiovannillior@wired.com,Chevrolet,Silverado,2010,16701
893,Salli,Purkis,spurkisos@ning.com,Mitsubishi,Starion,1985,19024
894,Onfroi,Carbert,ocarbertot@angelfire.com,Lincoln,Navigator,2006,62355
895,Wolfie,Oglesbee,woglesbeeou@moonfruit.com,Porsche,911,1991,82397
896,Tad,Jeckell,tjeckellov@smugmug.com,Mercedes-Benz,E-Class,1991,19289
897,Bone,Webley,bwebleyow@lycos.com,Mitsubishi,Eclipse,2011,33798
898,Janeen,Cheshire,jcheshireox@utexas.edu,Chevrolet,Express 1500,2004,54479
899,Costanza,Fielders,cfieldersoy@timesonline.co.uk,Chevrolet,Aveo,2006,71484
900,Breena,Clemintoni,bclemintonioz@histats.com,Chevrolet,Express 1500,2007,44378
901,Winfred,Huertas,whuertasp0@bizjournals.com,Lexus,ES,1991,32443
902,Shaine,Missenden,smissendenp1@harvard.edu,Mercury,Grand Marquis,2011,20791
903,Ilysa,Feria,iferiap2@shinystat.com,Ford,ZX2,2002,60786
904,Suzann,Cheer,scheerp3@barnesandnoble.com,Chevrolet,G-Series G10,1993,62485
905,Gilles,Lucock,glucockp4@jimdo.com,Mazda,Millenia,1997,70827
906,Antonia,Edgell,aedgellp5@sbwire.com,Volkswagen,Rabbit,2007,51718
907,Gawain,Castiglione,gcastiglionep6@google.cn,Ford,LTD Crown Victoria,1990,44943
908,Zacherie,Dyas,zdyasp7@etsy.com,Pontiac,Bonneville,1992,87337
909,Blakeley,Sibille,bsibillep8@tuttocitta.it,Chevrolet,G-Series 1500,1997,30286
910,Nolana,Simonini,nsimoninip9@wikimedia.org,Audi,A8,1999,70814
911,Tirrell,Dyment,tdymentpa@auda.org.au,Dodge,Ram 3500,1997,66349
912,Bunny,Minette,bminettepb@youku.com,Chevrolet,Corvette,2002,16922
913,Grace,Bravey,gbraveypc@cbslocal.com,Nissan,240SX,1995,35109
914,Pall,Nassy,pnassypd@ft.com,Chevrolet,Blazer,2001,35050
915,Rawley,Healing,rhealingpe@smh.com.au,MINI,Cooper,2007,85890
916,Wilmar,Bentote,wbentotepf@networksolutions.com,Chrysler,300,1999,23109
917,Alisander,Hitter,ahitterpg@trellian.com,Mazda,323,1995,97277
918,Andrus,Youd,ayoudph@hc360.com,Mazda,Miata MX-5,1993,808
919,Evanne,Cloonan,ecloonanpi@un.org,Subaru,Impreza,1999,70680
920,Gladi,Tidbury,gtidburypj@php.net,Mazda,Protege,2001,18805
921,Owen,Conti,ocontipk@joomla.org,Oldsmobile,98,1994,57869
922,Anastasia,McSherry,amcsherrypl@sphinn.com,Nissan,Maxima,1993,10437
923,Piotr,Sukbhans,psukbhanspm@home.pl,Hyundai,Sonata,1994,92510
924,Dinah,Clout,dcloutpn@freewebs.com,Lincoln,Mark VIII,1996,91250
925,Emilia,Gillison,egillisonpo@nationalgeographic.com,Dodge,Ram 2500,2005,90172
926,Elfreda,Mingardo,emingardopp@desdev.cn,Saab,9-3,2003,77830
927,Tye,Saffle,tsafflepq@theglobeandmail.com,Hyundai,Santa Fe,2003,77012
928,Homer,Simonsen,hsimonsenpr@myspace.com,Subaru,XT,1986,1118
929,Redd,Eisikowitz,reisikowitzps@prweb.com,Pontiac,Grand Am,1985,41257
930,Hali,Bruneton,hbrunetonpt@cnn.com,Kia,Soul,2010,46118
931,Jamima,Harmes,jharmespu@cloudflare.com,Dodge,Nitro,2008,21899
932,Stefa,MacAlpin,smacalpinpv@cnn.com,Mazda,Miata MX-5,1994,91137
933,Winne,Garbett,wgarbettpw@multiply.com,Bentley,Continental Flying Spur,2006,40445
934,Carlynne,Keuntje,ckeuntjepx@instagram.com,Chevrolet,Silverado 3500,2009,56799
935,Boonie,Abbey,babbeypy@yellowbook.com,Suzuki,Verona,2004,7777
936,Lewie,Martynikhin,lmartynikhinpz@paginegialle.it,Ram,2500,2012,34649
937,Hayward,Tomankowski,htomankowskiq0@tripod.com,Buick,Regal,1999,89435
938,Josh,Arkle,jarkleq1@nhs.uk,Jeep,Cherokee,2001,59348
939,Wilhelmina,Lindborg,wlindborgq2@rediff.com,Maybach,57,2003,19147
940,Melodee,Sked,mskedq3@omniture.com,Plymouth,Breeze,1997,30663
941,Rafa,Botterman,rbottermanq4@umn.edu,Jeep,Cherokee,1992,39478
942,Prent,Peasnone,ppeasnoneq5@microsoft.com,Chevrolet,Express 3500,1998,21701
943,Fred,Greystock,fgreystockq6@tuttocitta.it,Volkswagen,Jetta,1991,59342
944,Germaine,Eccleshall,geccleshallq7@who.int,Acura,NSX,1999,83573
945,Alyss,Noads,anoadsq8@washington.edu,Chevrolet,Avalanche,2007,64022
946,Pam,Viollet,pviolletq9@engadget.com,Nissan,Sentra,2000,8435
947,Astrid,Cadigan,acadiganqa@joomla.org,Toyota,Paseo,1994,85242
948,Carissa,Cansdale,ccansdaleqb@ocn.ne.jp,Mazda,B-Series,1992,2171
949,Candace,Drysdale,cdrysdaleqc@ycombinator.com,Jeep,Compass,2011,800
950,Hew,Yarnall,hyarnallqd@aboutads.info,Volkswagen,Golf,1983,17750
951,Shayne,Quince,squinceqe@cyberchimps.com,Kia,Sportage,2006,1685
952,Kenna,Capner,kcapnerqf@auda.org.au,Land Rover,Discovery,2002,52465
953,Jayson,Ogilvie,jogilvieqg@unblog.fr,Nissan,Pathfinder,1998,47043
954,Ransell,Mogg,rmoggqh@amazon.co.jp,GMC,Sonoma,1999,78418
955,Marylee,Crummey,mcrummeyqi@unesco.org,Mercedes-Benz,GL-Class,2010,96197
956,Nola,Dafter,ndafterqj@google.fr,GMC,Savana 2500,2006,52772
957,Bobby,Sansome,bsansomeqk@toplist.cz,Volkswagen,Golf,2012,19676
958,Debbie,Snape,dsnapeql@marketwatch.com,Chevrolet,Equinox,2007,65742
959,Bordy,Callendar,bcallendarqm@mac.com,Ford,F150,1993,1722
960,Jim,Newtown,jnewtownqn@wiley.com,Nissan,300ZX,1992,85535
961,Bobbee,Effemy,beffemyqo@constantcontact.com,Mercury,Topaz,1991,40331
962,Leshia,Zuanelli,lzuanelliqp@squarespace.com,Ford,Explorer Sport Trac,2000,77191
963,Borden,Rayworth,brayworthqq@cisco.com,Suzuki,Equator,2009,25182
964,Fey,Decker,fdeckerqr@pbs.org,Porsche,Boxster,2005,29512
965,Moore,Greener,mgreenerqs@etsy.com,Acura,Integra,1992,71996
966,Hattie,Ccomini,hccominiqt@soup.io,Audi,Coupe Quattro,1991,56133
967,Georg,MacEnelly,gmacenellyqu@ox.ac.uk,Toyota,4Runner,2005,44227
968,Easter,Woolliams,ewoolliamsqv@wiley.com,Pontiac,Bonneville,2001,19424
969,Allayne,Gladyer,agladyerqw@simplemachines.org,Lotus,Exige,2004,25235
970,Reggy,Mulroy,rmulroyqx@domainmarket.com,Oldsmobile,Silhouette,1995,93641
971,Sibbie,Leijs,sleijsqy@networkadvertising.org,Honda,Odyssey,2009,7306
972,Carina,Locker,clockerqz@furl.net,Volkswagen,Beetle,1965,45248
973,Allyce,Najera,anajerar0@nifty.com,Toyota,Solara,1999,42558
974,Zachary,Whittington,zwhittingtonr1@buzzfeed.com,Ford,Thunderbird,1965,71956
975,Othilia,Rigardeau,origardeaur2@mail.ru,Lincoln,Navigator,2006,43388
976,Devy,Kyles,dkylesr3@tmall.com,Ferrari,612 Scaglietti,2006,21757
977,Currey,Huffa,chuffar4@netlog.com,BMW,X5,2007,4899
978,Roddie,Scamerdine,rscamerdiner5@tinyurl.com,Nissan,Sentra,2007,80501
979,Der,Twell,dtwellr6@netlog.com,Acura,TL,2005,18142
980,Marita,Maywood,mmaywoodr7@amazonaws.com,Porsche,911,2006,99426
981,Maurene,Toothill,mtoothillr8@wp.com,Mazda,Protege,1994,9871
982,Boot,Mahaddie,bmahaddier9@sina.com.cn,GMC,1500,1992,92139
983,Thea,Karoly,tkarolyra@hostgator.com,Chevrolet,Express 2500,1997,46874
984,Elbert,Mocker,emockerrb@fotki.com,Cadillac,Fleetwood,1954,32015
985,Martie,Rappa,mrapparc@chicagotribune.com,Ford,F350,2001,38584
986,Vivianne,Buntin,vbuntinrd@hubpages.com,Acura,Vigor,1992,97356
987,Sonni,de Chastelain,sdechastelainre@columbia.edu,Suzuki,Aerio,2005,96823
988,Johnathan,Bickell,jbickellrf@google.cn,Ford,E150,1984,52109
989,Ruth,Fidelli,rfidellirg@marriott.com,Dodge,Ram Van B250,1992,68490
990,Richy,Prigg,rpriggrh@biblegateway.com,Toyota,Tacoma,1998,99774
991,Almira,Fillery,afilleryri@noaa.gov,Volkswagen,Golf,1993,8276
992,Kym,McIlwrath,kmcilwrathrj@businessweek.com,GMC,3500 Club Coupe,1996,69833
993,Rock,Caris,rcarisrk@flickr.com,Ford,Bronco II,1986,78520
994,Elenore,Witchell,ewitchellrl@forbes.com,Chevrolet,Express 2500,2012,33763
995,Alica,Kynder,akynderrm@answers.com,Buick,Lucerne,2007,4950
996,Daryle,Habergham,dhaberghamrn@forbes.com,GMC,Savana 1500,2006,2904
997,Lauretta,Stuchburie,lstuchburiero@sbwire.com,Mazda,B-Series,2007,11241
998,Nariko,Barford,nbarfordrp@china.com.cn,Bentley,Continental GTC,2008,26925
999,Darnall,Tedstone,dtedstonerq@moonfruit.com,Saab,9-2X,2005,34875
1000,Torey,Heams,theamsrr@freewebs.com,Land Rover,LR2,2012,98807
