id,first_name,last_name,email,car_make,car_model,car_year,car_price
1,Mart,parm,mart.parm@gmail.com,"Zaporožets",corolla,2024,6900.0
3,Ninette,Drakers,ndrakers2@unicef.org,Mitsubishi,i-MiEV,2012,48351.0
4,Jeane,Thalmann,jthalmann3@virginia.edu,Toyota,Highlander,2012,63778.0
6,Riannon,Dootson,rdootson5@admin.ch,Saab,9-3,2009,15880.0
7,Emile,Brogiotti,ebrogiotti6@example.com,Nissan,Quest,2009,55682.0
9,Winona,Kluss,wkluss8@wordpress.org,Mercedes-Benz,"SLS AMG",2011,8260.0
11,Carey,Pinnegar,cpinnegara@princeton.edu,"Citroën","Escalade EXT",2003,62337.0
12,Ches,Trembath,ctrembathb@epa.gov,Mercedes-Benz,S-Class,2004,92102.0
14,Shane,Brusin,sbrusind@cnbc.com,Ford,F150,2003,85021.0
16,Kathie,Earey,keareyf@aboutads.info,Volkswagen,Cabriolet,2001,13951.0
22,Ferrell,Camous,fcamousl@comcast.net,Lexus,RX,2008,34778.0
23,Simonne,Izaks,sizaksm@bluehost.com,Maybach,62,2006,83399.0
24,Calypso,Berrick,cberrickn@mashable.com,"Citroën","Escalade ESV",2003,76056.0
26,Gaynor,Peddersen,gpeddersenp@ed.gov,Toyota,4Runner,2008,34605.0
27,Prent,Cousans,pcousansq@reuters.com,Chevrolet,Colorado,2012,15631.0
28,Marcus,Betteney,mbetteneyr@amazon.de,Hyundai,"Santa Fe",2009,80107.0
29,Glen,Gregorio,ggregorios@blogtalkradio.com,Ford,Expedition,2010,70294.0
31,Scotti,Tesyro,stesyrou@senate.gov,Lincoln,"Navigator L",2012,93534.0
33,Trumann,Shalloo,tshalloow@wikia.com,Lexus,LX,2010,55545.0
35,Arch,Barringer,abarringery@about.me,Nissan,Versa,2011,24299.0
36,Lynnett,Mingotti,lmingottiz@ted.com,Volvo,C30,2011,93037.0
38,Ruperto,Langley,rlangley11@storify.com,"Land Rover",LR2,2011,72096.0
39,Perren,Helliker,phelliker12@nih.gov,BMW,"3 Series",2012,87214.0
40,Ax,Duinkerk,aduinkerk13@shop-pro.jp,Ford,Focus,2004,39275.0
44,Edlin,Pohlke,epohlke17@bloglovin.com,Chevrolet,"Silverado 2500",2011,78063.0
45,Hunter,Marshland,hmarshland18@berkeley.edu,Honda,Accord,2000,9882.0
47,Kathy,Izakson,kizakson1a@51.la,Volkswagen,R32,2004,42959.0
49,Hali,Gascoigne,hgascoigne1c@homestead.com,Lincoln,Aviator,2004,91603.0
51,Chrystel,Eckels,ceckels1e@histats.com,BMW,"7 Series",2003,42571.0
52,El,Braben,ebraben1f@europa.eu,Volkswagen,GTI,2001,19705.0
55,Noemi,Gresser,ngresser1i@shop-pro.jp,Isuzu,Ascender,2009,4259.0
57,Adelice,Pudney,apudney1k@apache.org,Jaguar,S-Type,2007,22859.0
60,Dean,Bannon,dbannon1n@nature.com,Chevrolet,"Express 2500",2000,29671.0
62,Nanon,Brandes,nbrandes1p@bandcamp.com,Suzuki,Verona,2006,22108.0
63,Loralyn,McSharry,lmcsharry1q@amazonaws.com,Infiniti,M,2011,53771.0
64,Susanetta,Sheber,ssheber1r@narod.ru,Kia,Sorento,2005,556.0
66,Tim,Salzen,tsalzen1t@harvard.edu,BMW,"7 Series",2005,80630.0
67,Tammie,Battrick,tbattrick1u@delicious.com,BMW,"7 Series",2009,22449.0
68,Brear,Eate,beate1v@nasa.gov,Volkswagen,Eurovan,2002,98131.0
71,Bertie,Carvilla,bcarvilla1y@uol.com.br,Ford,Escape,2011,35171.0
73,Arden,Starkings,astarkings20@imageshack.us,Infiniti,I,2003,4599.0
74,Leonard,Lowy,llowy21@theguardian.com,Kia,Rio,2001,21498.0
76,Arnaldo,Tartt,atartt23@chron.com,GMC,"Yukon XL 2500",2006,41636.0
77,Daryle,Lumsdall,dlumsdall24@ifeng.com,Nissan,Sentra,2009,66142.0
78,Annabel,Nanni,ananni25@tmall.com,Chevrolet,Silverado,2008,78887.0
80,Anna-maria,Emons,aemons27@vinaora.com,Acura,RDX,2009,9431.0
84,Flo,Struan,fstruan2b@skype.com,Ford,Escape,2008,50383.0
87,Geneva,Tudball,gtudball2e@blogtalkradio.com,Chevrolet,SSR,2003,74091.0
88,Marcelle,Magarrell,mmagarrell2f@census.gov,"Aston Martin","Vanquish S",2006,42675.0
89,Alric,Holehouse,aholehouse2g@youtube.com,Toyota,Sequoia,2006,85009.0
92,Taber,Baudasso,tbaudasso2j@stanford.edu,Mercedes-Benz,S-Class,2006,23833.0
93,Orelie,Clooney,oclooney2k@slideshare.net,Infiniti,I,2000,51705.0
96,Anitra,Hutfield,ahutfield2n@google.ru,Mitsubishi,Lancer,2009,52978.0
98,Tabitha,Drewe,tdrewe2p@blogs.com,Lexus,RX,2002,97235.0
105,Cherey,Ayris,cayris2w@businessinsider.com,Jeep,Liberty,2012,49587.0
106,Stevy,Rookwell,srookwell2x@boston.com,Pontiac,"Grand Prix",2007,25258.0
107,Nilson,Blemings,nblemings2y@wordpress.org,BMW,760,2006,89666.0
108,Cacilia,Cosgrove,ccosgrove2z@usnews.com,Ford,F-Series,2003,62340.0
110,Constantine,Ropert,cropert31@icq.com,Toyota,Tundra,2007,31060.0
111,Minnie,Zuppa,mzuppa32@aboutads.info,Ford,F-Series,2002,42809.0
115,Elisha,McKiddin,emckiddin36@jiathis.com,Audi,S5,2010,91415.0
118,Krystyna,Connor,kconnor39@examiner.com,"Aston Martin",DBS,2012,22315.0
120,Sapphire,Hellwing,shellwing3b@meetup.com,Chevrolet,Impala,2011,5306.0
127,Maridel,Eite,meite3i@bandcamp.com,Toyota,Echo,2002,33346.0
128,Berton,Ussher,bussher3j@yellowbook.com,BMW,X3,2011,41654.0
129,Neddie,Fuxman,nfuxman3k@reference.com,Volvo,S80,2009,71458.0
130,Ring,Brede,rbrede3l@businessinsider.com,Dodge,Journey,2009,41721.0
131,Bobbie,Vint,bvint3m@cisco.com,Chevrolet,"Monte Carlo",2004,80199.0
134,Kalindi,Elcoux,kelcoux3p@jimdo.com,Chrysler,LHS,2000,83939.0
137,Arri,Vallance,avallance3s@angelfire.com,Maybach,Landaulet,2012,70194.0
138,Sidney,Lowndesbrough,slowndesbrough3t@mlb.com,Volvo,V70,2008,1659.0
140,Ali,Legendre,alegendre3v@kickstarter.com,Volkswagen,rio,2001,76470.0
141,Kiri,Eliassen,keliassen3w@npr.org,Suzuki,"Daewoo Magnus",2004,85215.0
142,Brion,Nashe,bnashe3x@who.int,Isuzu,i-Series,2008,3356.0
143,Hamilton,Gregorin,hgregorin3y@narod.ru,Dodge,Durango,2007,42051.0
147,Rosalyn,Kearle,rkearle42@weebly.com,Nissan,Maxima,2001,80168.0
149,Braden,Aireton,baireton44@last.fm,Isuzu,Rodeo,2004,4544.0
150,Othilie,Rymer,orymer45@macromedia.com,Ferrari,"599 GTB Fiorano",2009,25153.0
152,Hillary,Servis,hservis47@topsy.com,Ford,E250,2009,95937.0
153,Case,Rickertsen,crickertsen48@theatlantic.com,Lotus,Exige,2011,46090.0
154,Frannie,Eberts,feberts49@oracle.com,Mercedes-Benz,E-Class,2010,54518.0
155,Blinni,Whitewood,bwhitewood4a@rediff.com,Jeep,"Grand Cherokee",2001,35888.0
156,Allen,Waszczyk,awaszczyk4b@dedecms.com,Mitsubishi,Raider,2009,12139.0
158,Addie,Exter,aexter4d@paginegialle.it,Nissan,Pathfinder,2001,20682.0
163,Brittan,Chapell,bchapell4i@thetimes.co.uk,Volkswagen,Cabriolet,2002,85264.0
164,Eleonore,Follit,efollit4j@twitpic.com,Volvo,V70,2002,86895.0
165,Rowan,Doumenc,rdoumenc4k@technorati.com,Suzuki,Kizashi,2011,40950.0
169,Joela,Hazell,jhazell4o@mlb.com,Ford,Excursion,2001,70562.0
171,Northrup,Cake,ncake4q@google.es,Jaguar,XJ,2012,36746.0
173,Raina,Langcastle,rlangcastle4s@sitemeter.com,Mazda,Mazda6,2013,47478.0
175,Korney,Rakes,krakes4u@histats.com,Audi,Q7,2007,56121.0
176,Mel,Janes,mjanes4v@weebly.com,Honda,Element,2007,14949.0
178,Clary,Newbury,cnewbury4x@senate.gov,Rolls-Royce,Phantom,2005,48864.0
179,Gabriel,Marwick,gmarwick4y@dropbox.com,Infiniti,G35,2007,38463.0
181,Mordy,Cubuzzi,mcubuzzi50@rakuten.co.jp,Honda,Odyssey,2005,30905.0
183,Averell,Gandley,agandley52@bbc.co.uk,Mazda,"Mazda6 5-Door",2006,45172.0
185,Chaunce,Roelofs,croelofs54@archive.org,Saab,9-5,2002,82053.0
187,Della,Curnnokk,dcurnnokk56@wufoo.com,Honda,Accord,2005,84941.0
188,Lindy,Salzen,lsalzen57@a8.net,Toyota,Camry,2010,26772.0
189,Allis,Chatel,achatel58@netvibes.com,Ford,"Expedition EL",2008,58609.0
190,Merla,Isley,misley59@theglobeandmail.com,Chevrolet,Impala,2012,97902.0
191,Arleyne,Cheshire,acheshire5a@ycombinator.com,Ford,F350,2006,67426.0
193,Othelia,McGuinness,omcguinness5c@ezinearticles.com,Lincoln,"Navigator L",2012,58844.0
194,Neville,Klus,nklus5d@icio.us,Audi,TT,2008,47614.0
195,Lancelot,Enticott,lenticott5e@edublogs.org,Ford,Ranger,2002,75221.0
196,Hannis,Blaxill,hblaxill5f@chicagotribune.com,Infiniti,I,2003,75974.0
197,Robby,"Da Costa",rdacosta5g@house.gov,Honda,Element,2004,81956.0
198,Joelly,Chrichton,jchrichton5h@instagram.com,Isuzu,i-Series,2008,32213.0
199,Thomasa,Frude,tfrude5i@samsung.com,Porsche,Cayenne,2009,30411.0
201,Leonora,Southcombe,lsouthcombe5k@merriam-webster.com,Buick,Rendezvous,2003,28024.0
202,Laird,Glenfield,lglenfield5l@sohu.com,"Citroën",Escalade,2000,5713.0
203,Nora,Batte,nbatte5m@foxnews.com,Lotus,Evora,2011,34837.0
205,Benita,Danilevich,bdanilevich5o@bizjournals.com,Chrysler,"Town & Country",2000,11840.0
206,Ernest,Gasquoine,egasquoine5p@spiegel.de,Nissan,Quest,2012,54794.0
208,Angelita,Leate,aleate5r@paypal.com,Volvo,S80,2001,20179.0
209,Thacher,Kinnier,tkinnier5s@epa.gov,Lexus,ES,2004,80463.0
210,Travers,"De Hooch",tdehooch5t@networksolutions.com,Ford,F250,2001,34551.0
211,Leticia,Gowry,lgowry5u@dagondesign.com,Nissan,Armada,2006,80624.0
212,Giorgi,Coote,gcoote5v@google.co.jp,BMW,X5,2010,47557.0
213,Matias,Scorer,mscorer5w@about.com,Toyota,Avalon,2010,24090.0
214,Savina,Kirby,skirby5x@unicef.org,Chevrolet,"Cobalt SS",2009,44835.0
215,Millisent,Pretious,mpretious5y@ftc.gov,BMW,525,2006,15041.0
217,Lanny,Scone,lscone60@quantcast.com,Volkswagen,Golf,2006,85041.0
218,Ruthanne,Jozaitis,rjozaitis61@liveinternet.ru,Suzuki,Swift,2000,17764.0
220,Bridget,Leak,bleak63@friendfeed.com,Mitsubishi,Pajero,2004,85311.0
221,Vince,Canepe,vcanepe64@slashdot.org,Mazda,MPV,2002,45841.0
222,Chane,Probate,cprobate65@google.es,GMC,Canyon,2009,38902.0
224,Tildie,Goundry,tgoundry67@typepad.com,Mercury,Mariner,2011,9263.0
225,Ebony,Scalia,escalia68@cbslocal.com,Hyundai,Azera,2012,73980.0
227,Adoree,Bumby,abumby6a@si.edu,GMC,"Yukon XL 1500",2001,804.0
229,Theresa,Cordey,tcordey6c@nymag.com,Nissan,Sentra,2005,41482.0
230,Alfonso,Tucknutt,atucknutt6d@sciencedaily.com,Toyota,"Camry Hybrid",2011,86790.0
232,Leona,Speedin,lspeedin6f@flickr.com,Lexus,LFA,2012,65562.0
233,Wayne,Ianitti,wianitti6g@over-blog.com,Mitsubishi,"Lancer Evolution",2002,15850.0
234,Briana,Dodell,bdodell6h@jugem.jp,Honda,Odyssey,2004,60370.0
235,Kelbee,Turneaux,kturneaux6i@amazon.co.uk,Subaru,Forester,2008,17938.0
236,Dacia,Montel,dmontel6j@goodreads.com,GMC,Sierra,2011,20203.0
239,Rainer,Golt,rgolt6m@cdbaby.com,Mitsubishi,Endeavor,2005,50026.0
242,Jill,Drieu,jdrieu6p@nyu.edu,Pontiac,"Grand Prix",2005,62019.0
243,Jemmie,Dennerly,jdennerly6q@msu.edu,BMW,"3 Series",2003,15321.0
244,Vassili,Knobell,vknobell6r@vistaprint.com,Subaru,Legacy,2011,40439.0
245,Jodi,Sam,jsam6s@europa.eu,BMW,645,2004,32859.0
247,Ellsworth,Stillwell,estillwell6u@histats.com,Mercedes-Benz,R-Class,2010,48046.0
250,Laura,Medway,lmedway6x@mtv.com,Ford,Focus,2006,99742.0
252,Violette,Schirak,vschirak6z@google.co.uk,Ford,Ranger,2000,54205.0
253,Laney,Yegorkin,lyegorkin70@pbs.org,Pontiac,"Grand Prix",2008,52447.0
254,Ezechiel,Rontree,erontree71@prlog.org,Infiniti,QX56,2008,86783.0
255,Billy,Dillway,bdillway72@youku.com,Toyota,"Camry Hybrid",2012,63096.0
263,Broderic,Fadian,bfadian7a@godaddy.com,Toyota,"Land Cruiser",2009,77329.0
264,Umeko,Leggis,uleggis7b@dedecms.com,BMW,"X5 M",2013,97580.0
265,Tybalt,Pindred,tpindred7c@cbsnews.com,Dodge,"Grand Caravan",2010,58636.0
266,Verile,Nurse,vnurse7d@cdbaby.com,Hyundai,Sonata,2005,66046.0
267,Garvin,Simison,gsimison7e@mysql.com,Mercedes-Benz,C-Class,2001,46689.0
268,Micky,Sallinger,msallinger7f@unblog.fr,Kia,Forte,2010,6900.0
269,Mable,Ellit,mellit7g@home.pl,Chevrolet,Cruze,2013,52211.0
270,Lila,Shwalbe,lshwalbe7h@cbsnews.com,Dodge,Intrepid,2002,47341.0
271,Hershel,McCrann,hmccrann7i@indiatimes.com,Pontiac,Sunfire,2004,89001.0
273,Traci,Kahan,tkahan7k@bluehost.com,Mercury,Monterey,2006,27722.0
274,Ferdy,Meech,fmeech7l@foxnews.com,Lexus,IS,2007,94335.0
277,Reynard,Senn,rsenn7o@cmu.edu,Lexus,LS,2011,60129.0
278,Mary,Benini,mbenini7p@behance.net,Chevrolet,"Malibu Maxx",2006,38251.0
279,Antoinette,Treagust,atreagust7q@goodreads.com,Suzuki,Verona,2006,76364.0
280,Shelagh,Thornhill,sthornhill7r@sun.com,Ford,F250,2001,37122.0
282,Spense,Kilroy,skilroy7t@answers.com,Honda,CR-V,2002,98948.0
283,Janifer,Cogle,jcogle7u@mashable.com,Toyota,Yaris,2011,71810.0
284,Baron,Simmell,bsimmell7v@angelfire.com,GMC,Terrain,2011,2512.0
285,Rustin,Pickersgill,rpickersgill7w@google.com.au,"Citroën",Escalade,2011,85592.0
287,Brinn,Kohring,bkohring7y@topsy.com,Lincoln,Navigator,2006,67767.0
288,Angelico,Wheowall,awheowall7z@fc2.com,Chevrolet,Express,2008,80295.0
291,Samaria,Lavrick,slavrick82@surveymonkey.com,Porsche,Boxster,2012,75286.0
292,Koo,Goring,kgoring83@bizjournals.com,Mercedes-Benz,GLK-Class,2011,47279.0
293,Jecho,Vlasov,jvlasov84@bloglines.com,Isuzu,Ascender,2004,47210.0
295,Roderich,Raynes,rraynes86@netlog.com,BMW,"X6 M",2010,56982.0
296,Millard,Mensler,mmensler87@skyrock.com,Volvo,V40,2000,5281.0
297,Ora,Munkley,omunkley88@goodreads.com,Bentley,"Continental GTC",2009,9586.0
298,Judas,Emsden,jemsden89@google.co.uk,Mercedes-Benz,GL-Class,2007,63239.0
299,Nye,Andryushchenko,nandryushchenko8a@cyberchimps.com,Toyota,Sienna,2008,24365.0
300,Munmro,Ferronel,mferronel8b@ihg.com,Daewoo,Leganza,2002,44662.0
301,Janel,Foxen,jfoxen8c@naver.com,"Citroën",XLR-V,2006,73203.0
305,Nevil,Wehner,nwehner8g@shop-pro.jp,Mitsubishi,Diamante,2005,92839.0
306,Ilsa,Neilan,ineilan8h@techcrunch.com,BMW,Z4,2011,12499.0
307,Peyter,"Le Marchand",plemarchand8i@ifeng.com,"Citroën",CTS,2003,31704.0
308,Cathie,Lamble,clamble8j@photobucket.com,Dodge,Dakota,2006,57047.0
310,Evonne,Urey,eurey8l@usa.gov,Hyundai,"Santa Fe",2011,43488.0
311,Jerad,Borrett,jborrett8m@arstechnica.com,"Citroën",DTS,2009,61718.0
316,Euphemia,Hyatt,ehyatt8r@wordpress.org,Pontiac,Firebird,2000,65990.0
317,Vite,Comfort,vcomfort8s@businesswire.com,Ford,Focus,2003,28824.0
319,Catlin,Johnsee,cjohnsee8u@stumbleupon.com,Saab,9-7X,2007,84368.0
320,Anthony,Jozefiak,ajozefiak8v@newsvine.com,Rolls-Royce,Ghost,2011,3545.0
321,Gal,Colston,gcolston8w@miibeian.gov.cn,Volkswagen,Golf,2011,77647.0
324,Addison,Gawkes,agawkes8z@yahoo.com,Dodge,Magnum,2006,48898.0
326,Nisse,Brumwell,nbrumwell91@privacy.gov.au,Honda,Pilot,2005,4879.0
327,Kirbie,Quaife,kquaife92@mit.edu,Mercedes-Benz,CLK-Class,2006,96754.0
328,Mateo,Eric,meric93@nsw.gov.au,Volkswagen,Eurovan,2002,10807.0
329,Marcela,Eacott,meacott94@arizona.edu,Nissan,Sentra,2004,12533.0
330,Truda,Roskell,troskell95@com.com,Mazda,"Miata MX-5",2003,27446.0
334,Marinna,Chidler,mchidler99@va.gov,Hyundai,"Santa Fe",2003,32130.0
335,Wald,Gunningham,wgunningham9a@opera.com,Hyundai,Genesis,2011,10265.0
336,Hal,Eggleton,heggleton9b@yahoo.com,Kia,Sedona,2008,11790.0
339,Kerry,Crathern,kcrathern9e@washington.edu,Holden,Monaro,2004,31662.0
344,Julina,Goligly,jgoligly9j@taobao.com,Jeep,Liberty,2007,17997.0
345,Kerri,"O'Doherty",kodoherty9k@aboutads.info,Lincoln,Navigator,2011,77907.0
349,Tootsie,Conradie,tconradie9o@umich.edu,Toyota,Corolla,2000,83112.0
350,Ambrosius,Southam,asoutham9p@dagondesign.com,Lexus,GS,2002,56605.0
351,Fayth,Dicky,fdicky9q@webeden.co.uk,Spyker,C8,2006,81058.0
353,Enrichetta,Doak,edoak9s@etsy.com,Maserati,Quattroporte,2012,45714.0
357,Terrie,Pilch,tpilch9w@elpais.com,Porsche,Cayenne,2009,83217.0
362,Matteo,Guye,mguyea1@tamu.edu,Kia,Sportage,2001,42616.0
363,Tammie,Kneel,tkneela2@blogs.com,Infiniti,QX56,2011,37855.0
365,Lorena,Robuchon,lrobuchona4@ucla.edu,Audi,A4,2009,67302.0
366,Bart,Gummoe,bgummoea5@gravatar.com,"Land Rover","Range Rover",2001,90495.0
367,Rowan,Stair,rstaira6@wsj.com,Lexus,LS,2007,99661.0
368,Garold,Burchill,gburchilla7@craigslist.org,Toyota,4Runner,2010,99732.0
369,Devlen,Aslie,dasliea8@fda.gov,Chevrolet,Astro,2003,67055.0
370,Adela,Sharphurst,asharphursta9@free.fr,Ford,Mustang,2002,61441.0
371,Tim,Wannell,twannellaa@jimdo.com,Maserati,"Gran Sport",2005,84657.0
372,Lindsay,Jaumet,ljaumetab@usda.gov,Honda,CR-V,2001,88482.0
374,Anne-marie,Giannotti,agiannottiad@edublogs.org,Volvo,C70,2004,47867.0
375,Maurizia,Bazek,mbazekae@last.fm,Buick,Century,2005,53285.0
378,Brion,Braznell,bbraznellah@usgs.gov,Ferrari,"458 Italia",2011,31137.0
379,Ruthie,Admans,radmansai@skype.com,Ford,"Expedition EL",2011,75642.0
380,Juditha,Klees,jkleesaj@aol.com,Toyota,Sienna,2002,69513.0
383,Guillermo,McCrackem,gmccrackemam@prlog.org,Volkswagen,Touareg,2009,7136.0
384,Danielle,Vigors,dvigorsan@bloglines.com,Volkswagen,GLI,2008,26861.0
385,Debora,Dietz,ddietzao@deviantart.com,GMC,"Sierra 2500",2011,69214.0
388,Cristal,Sliman,cslimanar@acquirethisname.com,Nissan,Maxima,2009,90631.0
389,Myrle,Blackney,mblackneyas@bloglovin.com,Ford,F150,2001,23189.0
391,Evangelin,Beedie,ebeedieau@dot.gov,Dodge,Neon,2002,26389.0
393,Orren,Luckwell,oluckwellaw@businessinsider.com,Mercedes-Benz,"G55 AMG",2006,310.0
394,Brooks,Grafom,bgrafomax@craigslist.org,Kia,Sorento,2013,59988.0
395,Marissa,Carlisso,mcarlissoay@instagram.com,Ford,E250,2004,13447.0
396,Cami,McKerrow,cmckerrowaz@people.com.cn,Chevrolet,"Silverado 3500",2010,1475.0
398,Brande,Quixley,bquixleyb1@yelp.com,Ford,"Crown Victoria",2006,6365.0
399,Albert,Fine,afineb2@epa.gov,Volvo,S80,2012,26765.0
401,Ximenes,Fennelow,xfennelowb4@va.gov,Mercury,Mountaineer,2007,60587.0
403,Sibyl,Prudence,sprudenceb6@ted.com,Volvo,S60,2007,58580.0
404,Emogene,Hayman,ehaymanb7@naver.com,Hyundai,Sonata,2013,21394.0
405,Lukas,Ivel,livelb8@google.com.hk,Suzuki,Swift,2005,82192.0
406,Enos,Mityushin,emityushinb9@jugem.jp,Suzuki,"Grand Vitara",2011,41404.0
407,Jenny,McDonand,jmcdonandba@dailymotion.com,Dodge,Neon,2002,52306.0
408,Izzy,Oland,iolandbb@irs.gov,Hyundai,Tucson,2011,72322.0
409,Glynnis,Woolf,gwoolfbc@europa.eu,Porsche,Panamera,2013,10895.0
411,Bab,Solomon,bsolomonbe@cnet.com,Ford,"Expedition EL",2007,38822.0
413,Jeni,Cale,jcalebg@psu.edu,Jaguar,XJ,2008,78730.0
415,Rita,Axby,raxbybi@indiegogo.com,Mazda,Mazda6,2013,17901.0
417,Vivia,Walduck,vwalduckbk@google.pl,Buick,LaCrosse,2012,48441.0
419,Syman,Harvett,sharvettbm@hubpages.com,Porsche,Cayenne,2012,2439.0
420,Rosanne,Devo,rdevobn@liveinternet.ru,Buick,Enclave,2009,99825.0
421,Annemarie,Reddihough,areddihoughbo@shutterfly.com,Isuzu,Ascender,2009,43127.0
422,Aveline,Liverock,aliverockbp@skyrock.com,Acura,ZDX,2010,93656.0
424,Beverlee,Senechell,bsenechellbr@cam.ac.uk,Mercedes-Benz,SLK-Class,2009,92934.0
425,Nert,Micklewright,nmicklewrightbs@discovery.com,Volvo,S60,2004,92087.0
427,Nance,Drysdall,ndrysdallbu@youku.com,GMC,"Savana 2500",2011,22700.0
431,Micky,Braddock,mbraddockby@dailymail.co.uk,GMC,Yukon,2013,71408.0
433,Kingston,Lebel,klebelc0@toplist.cz,Lamborghini,"Murciélago",2003,30623.0
435,Freddie,Zelley,fzelleyc2@washington.edu,Suzuki,Verona,2005,35926.0
436,Saul,Sell,ssellc3@sciencedirect.com,Chrysler,300,2010,4936.0
439,Vere,Lowers,vlowersc6@intel.com,Toyota,Highlander,2007,50515.0
440,Manolo,Erickson,mericksonc7@apple.com,"Land Rover","Range Rover",2012,90698.0
441,Jori,Vayro,jvayroc8@slate.com,Honda,"FCX Clarity",2012,40735.0
442,Maxie,Briffett,mbriffettc9@chron.com,Buick,LaCrosse,2005,51174.0
445,Marsiella,Saldler,msaldlercc@blog.com,Nissan,Titan,2007,75771.0
446,Dorian,Bulfoot,dbulfootcd@pcworld.com,Suzuki,XL-7,2006,74891.0
447,Agnella,Bitten,abittence@reference.com,GMC,Savana,2007,12669.0
448,Fran,Laurand,flaurandcf@virginia.edu,Ford,Freestyle,2005,99776.0
449,Sansone,Buckthorp,sbuckthorpcg@wordpress.org,Toyota,TundraMax,2010,41727.0
450,Isidoro,Tumpane,itumpanech@google.cn,Jeep,Liberty,2012,1408.0
451,Adena,Osant,aosantci@skyrock.com,Kia,Spectra,2009,45995.0
452,Ailis,Bouchard,abouchardcj@latimes.com,Saturn,VUE,2010,85557.0
454,Candy,Hansley,chansleycl@photobucket.com,Mercury,"Grand Marquis",2001,23176.0
456,Maxine,McGuigan,mmcguigancn@wikia.com,Audi,S6,2007,51823.0
461,Lorens,Karlolak,lkarlolakcs@posterous.com,Chevrolet,Avalanche,2008,95400.0
463,Lanae,Hartly,lhartlycu@disqus.com,Pontiac,Torrent,2009,66443.0
464,Rodi,Clarson,rclarsoncv@amazonaws.com,Mercury,"Grand Marquis",2000,43109.0
467,Joanie,Ivashinnikov,jivashinnikovcy@jugem.jp,Mazda,Mazda3,2012,34510.0
468,Marlowe,Loverock,mloverockcz@dropbox.com,Mazda,Tribute,2002,79107.0
469,Madella,Donne,mdonned0@intel.com,Dodge,Caravan,2012,83699.0
470,Sarine,Potkins,spotkinsd1@webmd.com,Chevrolet,Blazer,2001,14198.0
473,Arabele,Rhodus,arhodusd4@webnode.com,"Land Rover",LR2,2010,82776.0
475,Thorndike,Rassmann,trassmannd6@t-online.de,GMC,Yukon,2009,86213.0
477,Travus,Jimeno,tjimenod8@nasa.gov,GMC,Safari,2003,52847.0
479,Patience,Ivashin,pivashinda@123-reg.co.uk,Mazda,CX-7,2008,57937.0
481,Pippy,Lopes,plopesdc@myspace.com,Pontiac,"Grand Am",2000,59435.0
483,Pooh,Sugar,psugarde@google.pl,Hyundai,Sonata,2011,783.0
484,Korney,Maryan,kmaryandf@bizjournals.com,Chevrolet,"Cobalt SS",2009,34216.0
485,Javier,Ruffler,jrufflerdg@cnn.com,Hyundai,Elantra,2008,59257.0
486,Belita,Dorot,bdorotdh@studiopress.com,GMC,Safari,2001,39840.0
487,Terrill,Vlasyuk,tvlasyukdi@sbwire.com,Subaru,Impreza,2000,55104.0
488,Brendon,Greggor,bgreggordj@wisc.edu,Lexus,HS,2010,96600.0
490,Heall,Meegan,hmeegandl@tuttocitta.it,Ford,Escape,2005,5984.0
491,Yovonnda,Betchley,ybetchleydm@altervista.org,Mercedes-Benz,CLK-Class,2008,48035.0
492,Ewell,Gudyer,egudyerdn@yelp.com,Jeep,Commander,2006,92495.0
493,Godiva,Gauge,ggaugedo@gizmodo.com,Pontiac,Firebird,2002,2492.0
496,Roseanna,Tregust,rtregustdr@ftc.gov,Lexus,ES,2005,56517.0
498,Harri,Couling,hcoulingdt@washington.edu,Mercury,Marauder,2004,1580.0
500,Karel,Mourbey,kmourbeydv@angelfire.com,Ford,Fusion,2010,21307.0
502,Vanya,Curuclis,vcuruclisdx@addthis.com,Toyota,Tundra,2001,66497.0
503,Torin,Shulver,tshulverdy@arizona.edu,Volkswagen,Touareg,2008,48340.0
505,Missy,Fishpool,mfishpoole0@yolasite.com,Infiniti,EX,2012,97076.0
508,Letitia,Claesens,lclaesense3@wikipedia.org,Daewoo,Lanos,2000,87146.0
509,Freeland,Lessmare,flessmaree4@sina.com.cn,Subaru,Forester,2004,23185.0
511,Elisabeth,Alexandrou,ealexandroue6@mashable.com,Toyota,Corolla,2005,77402.0
512,Cliff,Syde,csydee7@typepad.com,Saturn,Ion,2006,92831.0
513,Anderea,Silvers,asilverse8@mit.edu,BMW,M6,2007,94521.0
514,Nancee,Tatteshall,ntatteshalle9@tuttocitta.it,Hyundai,Tiburon,2006,52506.0
516,Annabela,Elles,aelleseb@toplist.cz,Chrysler,"PT Cruiser",2003,76877.0
517,Dionysus,Sancias,dsanciasec@dyndns.org,Honda,Element,2007,4903.0
520,Fernanda,McRonald,fmcronaldef@npr.org,Dodge,"Ram 1500",2007,68237.0
521,Humberto,Davers,hdaverseg@artisteer.com,BMW,530,2007,7518.0
523,Clemmie,Jelk,cjelkei@google.pl,Subaru,Tribeca,2010,21918.0
526,Addie,Olech,aolechel@samsung.com,Dodge,"Grand Caravan",2004,20512.0
528,Shurlocke,Rush,srushen@blogger.com,Infiniti,FX,2005,16613.0
529,Antoni,Goodinson,agoodinsoneo@tamu.edu,Infiniti,EX,2010,35989.0
530,Lucius,Braam,lbraamep@yellowpages.com,GMC,Sonoma,2002,96921.0
533,Ryan,Kuschek,rkuschekes@telegraph.co.uk,Dodge,Caliber,2007,32299.0
534,Brinna,Pasmore,bpasmoreet@elpais.com,Volvo,XC70,2005,73181.0
535,Cthrine,Winley,cwinleyeu@youku.com,Infiniti,G,2011,40623.0
537,Margarita,Kubczak,mkubczakew@tinypic.com,Volvo,C70,2001,10333.0
538,Selestina,Doughtery,sdoughteryex@businessweek.com,Audi,A6,2002,78921.0
539,Keelby,Sneller,ksnellerey@samsung.com,BMW,"7 Series",2003,35690.0
540,Yanaton,Permain,ypermainez@timesonline.co.uk,Subaru,Outback,2008,1410.0
541,Florence,Goldfinch,fgoldfinchf0@desdev.cn,Hyundai,Azera,2008,56461.0
542,Florrie,Fattore,ffattoref1@nature.com,Chevrolet,Camaro,2012,18130.0
543,Konstantine,Giovannacc@i,kgiovannaccif2@foxnews.com,BMW,525,2005,95551.0
544,Batsheva,Keenan,bkeenanf3@cbsnews.com,Chevrolet,Colorado,2007,54755.0
546,Charlton,Nason,cnasonf5@dell.com,Toyota,Tacoma,2004,6200.0
550,Fairfax,Wootton,fwoottonf9@icq.com,Chrysler,Pacifica,2008,27167.0
551,Halli,Dollin,hdollinfa@drupal.org,Chrysler,Sebring,2000,88671.0
554,Pennie,Sainteau,psainteaufd@latimes.com,Kia,Sportage,2002,91193.0
555,Jaime,Burnside,jburnsidefe@cyberchimps.com,Volvo,V50,2007,62508.0
556,Christal,Goodrick,cgoodrickff@behance.net,Dodge,Stratus,2002,56662.0
559,Saunders,Cinnamond,scinnamondfi@prlog.org,Honda,Pilot,2006,20000.0
565,Toma,Bramwich,tbramwichfo@sourceforge.net,Lexus,LX,2010,6695.0
567,Pierrette,Farrance,pfarrancefq@ning.com,Toyota,RAV4,2008,91668.0
568,Timmi,Dudney,tdudneyfr@fastcompany.com,Dodge,Viper,2008,86673.0
569,Nadya,Sedgebeer,nsedgebeerfs@naver.com,Audi,Allroad,2002,89975.0
570,Dolf,Letixier,dletixierft@hexun.com,Ford,E150,2009,56966.0
571,Dud,McClintock,dmcclintockfu@joomla.org,Nissan,Titan,2010,82221.0
572,Yetta,Houndsom,yhoundsomfv@epa.gov,Toyota,Sequoia,2006,6967.0
575,Nanny,Starbucke,nstarbuckefy@tamu.edu,Saturn,Aura,2008,56189.0
576,Sarina,Croke,scrokefz@omniture.com,Acura,MDX,2008,13784.0
577,Georas,Sword,gswordg0@flavors.me,"Citroën",Escalade,2010,20521.0
578,Cobb,Seakes,cseakesg1@hud.gov,Volvo,S60,2007,62963.0
581,Birgit,Dudin,bduding4@berkeley.edu,Ford,"Five Hundred",2005,88548.0
582,Caril,"O'Driscoll",codriscollg5@scribd.com,Toyota,"Land Cruiser",2011,40083.0
583,Stanton,Philippon,sphilippong6@reverbnation.com,Mazda,B-Series,2000,33778.0
584,Todd,Habron,thabrong7@macromedia.com,Nissan,Sentra,2011,67591.0
586,Randy,Shapera,rshaperag9@ox.ac.uk,GMC,Envoy,2006,3160.0
588,Haskel,Caser,hcasergb@google.fr,Ford,Fiesta,2012,39533.0
589,Frederigo,Gras,fgrasgc@dagondesign.com,Hyundai,Elantra,2002,22010.0
591,Jarad,Wyre,jwyrege@accuweather.com,Isuzu,Ascender,2007,42645.0
594,Patrica,Essberger,pessbergergh@sciencedirect.com,Dodge,Dakota,2004,72877.0
598,Francyne,Dimblebee,fdimblebeegl@craigslist.org,Toyota,Sequoia,2008,83923.0
599,Augustine,Bernetti,abernettigm@slate.com,"Land Rover",Freelander,2010,96810.0
601,Baxy,Fosken,bfoskengo@amazonaws.com,Honda,Odyssey,2009,10709.0
603,Rinaldo,Burnage,rburnagegq@mail.ru,"Citroën","Escalade ESV",2007,64119.0
604,Lavinia,Deabill,ldeabillgr@adobe.com,GMC,Yukon,2000,85259.0
608,Keriann,Mantrip,kmantripgv@google.cn,Hyundai,Azera,2007,7551.0
609,Erny,Clear,ecleargw@w3.org,GMC,Yukon,2001,60312.0
610,Aguie,Perassi,aperassigx@mail.ru,Lexus,IS,2009,45014.0
613,Tobey,Upcott,tupcotth0@kickstarter.com,Toyota,4Runner,2011,40244.0
614,Ravi,Millan,rmillanh1@boston.com,Jeep,Wrangler,2007,7251.0
615,Mersey,Ruslinge,mruslingeh2@woothemes.com,Hummer,H2,2006,77022.0
616,Chip,Cayzer,ccayzerh3@soundcloud.com,Maybach,62,2005,65692.0
618,Codie,Tagg,ctaggh5@google.es,Suzuki,Aerio,2004,73124.0
620,Angelo,Houdhury,ahoudhuryh7@squarespace.com,Chevrolet,Malibu,2012,51961.0
622,Claudius,Heberden,cheberdenh9@slashdot.org,Porsche,Cayman,2011,71245.0
625,Iosep,Busswell,ibusswellhc@mit.edu,"Aston Martin","V8 Vantage S",2011,9733.0
627,Dill,Geany,dgeanyhe@ycombinator.com,Toyota,Highlander,2009,96503.0
628,Anatol,Gamblin,agamblinhf@edublogs.org,Acura,TL,2002,79664.0
631,Dorotea,Barnaby,dbarnabyhi@canalblog.com,Subaru,Baja,2004,62142.0
632,Martino,Cantero,mcanterohj@dagondesign.com,Suzuki,Forenza,2006,47231.0
634,Jonas,Tumbelty,jtumbeltyhl@cafepress.com,Daewoo,Leganza,2000,68143.0
637,Jefferson,McQuade,jmcquadeho@freewebs.com,Lamborghini,Gallardo,2007,57209.0
638,Meg,Lohde,mlohdehp@blogger.com,Volkswagen,Cabriolet,2001,92539.0
641,Kevon,Vequaud,kvequaudhs@instagram.com,Acura,TL,2006,75548.0
642,Halimeda,Uvedale,huvedaleht@nifty.com,Saab,9-7X,2008,46451.0
645,Irwin,Gennrich,igennrichhw@archive.org,Mercedes-Benz,SL-Class,2002,2481.0
646,Erick,Dalzell,edalzellhx@google.com.hk,Mazda,"Miata MX-5",2002,47164.0
649,Broderic,Mardoll,bmardolli0@china.com.cn,Mitsubishi,Challenger,2002,64661.0
650,Standford,Sprason,ssprasoni1@w3.org,Chevrolet,Astro,2002,40542.0
651,Meaghan,Magovern,mmagoverni2@weather.com,Jaguar,XF,2011,65741.0
652,Garik,Oliveira,goliveirai3@twitter.com,Chevrolet,Colorado,2009,70077.0
654,Kenneth,Naden,knadeni5@sciencedaily.com,Rolls-Royce,Phantom,2008,64157.0
656,Jessie,Trimble,jtrimblei7@ow.ly,Suzuki,Kizashi,2011,90581.0
657,Yorker,Filkov,yfilkovi8@netlog.com,Jaguar,XJ,2012,20727.0
658,Ashlee,Robens,arobensi9@marriott.com,Lincoln,"Navigator L",2007,3248.0
661,Codee,Rosoman,crosomanic@unesco.org,Subaru,Tribeca,2012,52740.0
662,Janeva,Whitcher,jwhitcherid@mediafire.com,BMW,X5,2004,32365.0
663,Chrotoem,Boswell,cboswellie@sbwire.com,Bentley,"Continental GT",2008,76242.0
664,Peg,Gosby,pgosbyif@kickstarter.com,Honda,Civic,2008,20990.0
665,Dian,Ollander,dollanderig@tinypic.com,Mazda,RX-8,2006,3268.0
666,Merrill,Quinnelly,mquinnellyih@live.com,Pontiac,Sunfire,2001,58485.0
667,Ginelle,Carlino,gcarlinoii@amazon.co.jp,Nissan,Armada,2008,49576.0
668,Jenna,Kleis,jkleisij@themeforest.net,Lexus,"LS Hybrid",2011,5085.0
670,Minnie,Tween,mtweenil@gmpg.org,Chevrolet,"Express 1500",2006,51229.0
672,Viole,Bellas,vbellasin@dion.ne.jp,Infiniti,I,2003,62223.0
674,Kimmy,Goggin,kgogginip@google.ca,Mercedes-Benz,G-Class,2002,89805.0
675,Khalil,Smitten,ksmitteniq@hexun.com,Pontiac,Bonneville,2003,93460.0
677,Georgy,Garnar,ggarnaris@drupal.org,Mazda,MPV,2002,75141.0
679,Welsh,Allonby,wallonbyiu@rediff.com,Dodge,Caravan,2009,88695.0
683,Errick,Twitty,etwittyiy@nhs.uk,Ford,E150,2011,4367.0
684,Danielle,McDugal,dmcdugaliz@example.com,Saab,9-7X,2009,85624.0
690,Godfree,"Di Roberto",gdirobertoj5@yale.edu,"Citroën","Escalade EXT",2004,87513.0
694,Ferne,Harry,fharryj9@google.ca,Volvo,S60,2001,47938.0
697,Bernette,Peron,bperonjc@fotki.com,"Citroën","Escalade ESV",2010,25582.0
700,Matthew,Brooks,mbrooksjf@gov.uk,Subaru,Legacy,2005,8412.0
701,Barny,Breslau,bbreslaujg@digg.com,Subaru,Tribeca,2007,23200.0
702,Shurwood,Ashforth,sashforthjh@naver.com,Scion,xD,2010,17493.0
703,Veradis,Wheelband,vwheelbandji@indiegogo.com,Maserati,GranSport,2005,10656.0
704,Perkin,Bevar,pbevarjj@g.co,Subaru,Tribeca,2007,54266.0
708,Rozina,Juarez,rjuarezjn@php.net,Mercury,Milan,2007,53179.0
709,Randolf,Roome,rroomejo@over-blog.com,Chevrolet,Aveo,2004,80624.0
710,Rosette,Junkison,rjunkisonjp@wikimedia.org,Jeep,Liberty,2009,66673.0
711,Johnath,Vegas,jvegasjq@nasa.gov,Ford,Explorer,2009,20474.0
713,Naoma,"O'Lahy",nolahyjs@cnn.com,Nissan,Quest,2006,18040.0
714,Myca,Adamowicz,madamowiczjt@forbes.com,Nissan,350Z,2007,67931.0
715,Jose,Kirkhouse,jkirkhouseju@dion.ne.jp,Maybach,62,2007,71006.0
716,Townsend,Barbey,tbarbeyjv@google.co.jp,GMC,"Sierra 3500",2002,25181.0
717,Rodolph,Maginot,rmaginotjw@youtube.com,Lexus,GS,2005,73570.0
720,Hilary,Filkin,hfilkinjz@ucoz.ru,Chevrolet,Aveo,2005,92434.0
721,Clerkclaude,Melloy,cmelloyk0@wsj.com,"Citroën",DeVille,2003,72425.0
722,Ossie,Ccomini,occominik1@irs.gov,Mitsubishi,Lancer,2001,18961.0
723,Corine,Barras,cbarrask2@epa.gov,Chevrolet,TrailBlazer,2008,69216.0
726,Rinaldo,Boothroyd,rboothroydk5@chron.com,Dodge,Nitro,2011,76180.0
728,Ellene,"O'Kenny",eokennyk7@mapy.cz,"Land Rover","Range Rover Sport",2007,78736.0
731,Hagen,Yandell,hyandellka@dell.com,Lincoln,Navigator,2008,19051.0
732,Ethe,Fontaine,efontainekb@google.ru,Isuzu,"Rodeo Sport",2003,40858.0
733,Shannah,Stallan,sstallankc@china.com.cn,Dodge,Ram,2010,62430.0
737,Nanice,Guillem,nguillemkg@squidoo.com,Volkswagen,Routan,2011,46952.0
740,Calv,Ryley,cryleykj@freewebs.com,Maserati,Quattroporte,2008,79901.0
741,Fax,Pyle,fpylekk@simplemachines.org,Rolls-Royce,Ghost,2011,33361.0
744,Karoly,"O'Grady",kogradykn@barnesandnoble.com,Volvo,C70,2003,76338.0
745,Donn,Mordey,dmordeyko@indiegogo.com,"Aston Martin",DB9,2005,49695.0
748,Henryetta,Etienne,hetiennekr@cocolog-nifty.com,Dodge,Ram,2010,97387.0
750,Caro,Pennrington,cpennringtonkt@qq.com,BMW,Z3,2001,18965.0
753,Josee,Sheard,jsheardkw@tuttocitta.it,Mercedes-Benz,S-Class,2005,52086.0
755,Edy,Pitway,epitwayky@friendfeed.com,Ford,"Five Hundred",2005,7958.0
757,Eugine,Mallan,emallanl0@wikimedia.org,Hyundai,Veracruz,2007,13068.0
758,Averil,Hartless,ahartlessl1@indiatimes.com,BMW,X6,2010,89843.0
759,Carla,Brede,cbredel2@cisco.com,Mitsubishi,Galant,2007,63429.0
760,Yevette,Tapsfield,ytapsfieldl3@amazon.co.uk,Dodge,Dakota,2008,77647.0
766,Dougy,Gaylor,dgaylorl9@liveinternet.ru,Audi,S4,2010,62712.0
767,Sophie,Gumey,sgumeyla@cocolog-nifty.com,Hyundai,Sonata,2000,17566.0
770,Lily,Eddisford,leddisfordld@fotki.com,Acura,RDX,2011,46034.0
771,Klemens,Rodinger,krodingerle@admin.ch,Suzuki,Reno,2008,26896.0
773,Iolande,Cranmer,icranmerlg@domainmarket.com,Chevrolet,Express,2007,3305.0
775,Lionello,Slot,lslotli@amazonaws.com,Lincoln,LS,2001,5061.0
776,Florenza,Caldecutt,fcaldecuttlj@phpbb.com,Dodge,Challenger,2012,27520.0
777,Clo,Weekes,cweekeslk@jalbum.net,Acura,TSX,2004,78072.0
780,Omar,Winslade,owinsladeln@goodreads.com,Suzuki,XL-7,2005,30457.0
781,Amabelle,Voce,avocelo@feedburner.com,Dodge,"Dakota Club",2002,38688.0
784,Tracie,Neiland,tneilandlr@about.com,Chevrolet,"Silverado 2500",2012,28489.0
786,Merl,McLucas,mmclucaslt@zdnet.com,Ford,E350,2005,5488.0
788,Iain,Sidon,isidonlv@delicious.com,Lexus,ES,2001,33723.0
789,Paxton,Warratt,pwarrattlw@usda.gov,"Aston Martin","V8 Vantage",2010,32883.0
790,Jeffry,Vanstone,jvanstonelx@upenn.edu,"Citroën",Seville,2000,18725.0
792,Randolf,Dunstall,rdunstalllz@mysql.com,Jaguar,XJ,2007,112.0
795,Matthus,Woolacott,mwoolacottm2@amazon.co.uk,Ford,F250,2003,62606.0
796,Carly,Ellins,cellinsm3@ox.ac.uk,Porsche,"Carrera GT",2005,62524.0
797,Merry,Eplett,meplettm4@amazon.de,Audi,S5,2008,94994.0
798,Marigold,Skeldinge,mskeldingem5@gizmodo.com,Mazda,MX-5,2003,15326.0
799,Derk,Cattlemull,dcattlemullm6@bluehost.com,Chevrolet,"Silverado 1500",2008,55633.0
800,Phil,Broster,pbrosterm7@usda.gov,Bentley,Azure,2010,26773.0
802,Fitz,McGeffen,fmcgeffenm9@discuz.net,Suzuki,SX4,2009,68534.0
803,Rennie,Corfield,rcorfieldma@alibaba.com,Dodge,"Grand Caravan",2004,16942.0
804,Davide,McKernan,dmckernanmb@statcounter.com,Fiat,"Nuova 500",2012,14062.0
805,Korey,Senter,ksentermc@twitpic.com,Nissan,Versa,2007,25945.0
806,Ines,Culcheth,iculchethmd@mtv.com,Dodge,Caravan,2010,99671.0
807,Clarisse,Bradbrook,cbradbrookme@github.com,Ford,"Taurus X",2008,54495.0
812,Brittani,"De Benedetti",bdebenedettimj@mtv.com,Audi,A6,2011,10908.0
813,Levi,Zettler,lzettlermk@twitpic.com,Scion,tC,2008,44832.0
814,Zondra,"O'Duilleain",zoduilleainml@kickstarter.com,Ford,"E-350 Super Duty",2006,30822.0
815,Sianna,Nitto,snittomm@earthlink.net,Morgan,"Aero 8",2007,70872.0
816,Jany,Weyman,jweymanmn@whitehouse.gov,"Land Rover",LR3,2007,79473.0
818,Melvin,Shrimplin,mshrimplinmp@hugedomains.com,Scion,xB,2006,57993.0
819,Genia,Madine,gmadinemq@jugem.jp,BMW,"Z4 M",2008,68820.0
820,Janos,Worham,jworhammr@example.com,"Land Rover","Range Rover Sport",2009,69565.0
823,Reade,Elks,relksmu@facebook.com,Chevrolet,"Express 3500",2001,77628.0
825,Ricky,Ivashov,rivashovmw@state.tx.us,Chevrolet,"Avalanche 2500",2002,75255.0
826,Gil,Eouzan,geouzanmx@ucoz.ru,Nissan,Quest,2012,48633.0
827,Estell,Falkinder,efalkindermy@princeton.edu,Spyker,C8,2007,60721.0
828,Felike,Cosstick,fcosstickmz@unicef.org,Toyota,"Land Cruiser",2001,21105.0
829,Courtney,Trevon,ctrevonn0@archive.org,Mazda,CX-7,2009,93166.0
831,Trent,Hatchell,thatchelln2@wp.com,Spyker,C8,2007,88633.0
833,Leslie,Bernardi,lbernardin4@ifeng.com,Chevrolet,"Suburban 1500",2005,49854.0
837,Thomas,Steger,tstegern8@qq.com,Audi,A4,2002,66783.0
842,Rodolph,Whiley,rwhileynd@creativecommons.org,Acura,TSX,2006,93290.0
843,Xena,Bountiff,xbountiffne@flickr.com,Lexus,GS,2000,11207.0
849,Anne-marie,Willetts,awillettsnk@psu.edu,Nissan,Sentra,2009,87012.0
852,Elga,Tinghill,etinghillnn@earthlink.net,BMW,"7 Series",2003,83008.0
854,Griselda,Moxley,gmoxleynp@state.gov,Chevrolet,Uplander,2008,79060.0
855,Alexine,Dirkin,adirkinnq@zdnet.com,Chevrolet,HHR,2008,85597.0
856,Darnall,"O'Lagen",dolagennr@thetimes.co.uk,Ford,GT,2005,50641.0
857,Ashton,Truder,atruderns@cnn.com,Oldsmobile,Alero,2004,60615.0
858,Heath,Drane,hdranent@posterous.com,Dodge,"Grand Caravan",2012,60043.0
859,Dorisa,Rizzolo,drizzolonu@pbs.org,Audi,RS4,2008,7320.0
861,Scotty,Biasotti,sbiasottinw@thetimes.co.uk,Chevrolet,"Avalanche 2500",2002,13155.0
862,Amabelle,Ferrotti,aferrottinx@lycos.com,Chrysler,Sebring,2000,71145.0
864,Juieta,Kaasman,jkaasmannz@qq.com,Ford,Taurus,2000,48080.0
865,Manuel,Chanders,mchanderso0@51.la,Suzuki,Verona,2005,89597.0
869,Quintina,Fero,qferoo4@aol.com,Pontiac,Vibe,2004,29456.0
870,Genny,Molines,gmolineso5@hibu.com,Mazda,"Mazdaspeed 3",2011,54999.0
871,Drusy,Warnock,dwarnocko6@cyberchimps.com,Mitsubishi,Eclipse,2009,21802.0
872,Hy,Learoid,hlearoido7@mlb.com,Ford,Explorer,2005,4203.0
873,Keelia,Whife,kwhifeo8@mit.edu,Nissan,GT-R,2010,35215.0
874,Avis,Cundy,acundyo9@smh.com.au,Chevrolet,Cavalier,2000,26501.0
875,Court,Humpage,chumpageoa@stanford.edu,Mitsubishi,Pajero,2006,80434.0
876,Sharl,Cisneros,scisnerosob@slate.com,Chevrolet,Cavalier,2004,36804.0
877,Jacinthe,Skala,jskalaoc@npr.org,Lexus,"LS Hybrid",2012,95425.0
878,Tally,Comettoi,tcomettoiod@wp.com,Nissan,Sentra,2002,74681.0
879,Lesly,Browne,lbrowneoe@infoseek.co.jp,Kia,Sorento,2006,43237.0
880,Tripp,Crapper,tcrapperof@latimes.com,Ford,F450,2012,83012.0
881,Greer,Engelmann,gengelmannog@ask.com,"Land Rover",Discovery,2000,95403.0
882,Louis,Chrestien,lchrestienoh@yolasite.com,GMC,"Sierra 3500",2007,39553.0
883,Keriann,Blore,kbloreoi@apache.org,Buick,Lucerne,2011,40496.0
884,Baron,Whetnell,bwhetnelloj@livejournal.com,Lexus,IS-F,2011,53294.0
885,Tanitansy,Conlaund,tconlaundok@dot.gov,Chevrolet,Blazer,2002,51209.0
886,Zulema,Mumbray,zmumbrayol@google.co.uk,Volvo,XC90,2003,77089.0
887,Dannie,Ansty,danstyom@wp.com,Suzuki,Verona,2004,61677.0
888,Revkah,Hoffman,rhoffmanon@timesonline.co.uk,Saturn,VUE,2007,13329.0
891,Susanna,McCurtin,smccurtinoq@reuters.com,Audi,A3,2009,82606.0
893,Annamarie,Reynish,areynishos@globo.com,Nissan,Sentra,2010,85092.0
895,Brandyn,Reckus,breckusou@arstechnica.com,Pontiac,Sunfire,2003,61367.0
896,Waring,Arnholdt,warnholdtov@unc.edu,Chevrolet,"Silverado 1500",2000,7032.0
897,Larry,McCard,lmccardow@walmart.com,Lexus,"LS Hybrid",2011,29223.0
898,Courtnay,Syme,csymeox@un.org,Audi,TT,2008,82154.0
900,Camellia,Burmingham,cburminghamoz@who.int,Mitsubishi,"Lancer Evolution",2003,25963.0
905,Maribel,Mainwaring,mmainwaringp4@simplemachines.org,Porsche,Boxster,2006,63839.0
906,Brandea,Fronzek,bfronzekp5@t-online.de,Mercedes-Benz,R-Class,2007,97021.0
907,Richart,McIlhone,rmcilhonep6@narod.ru,"Land Rover",LR4,2010,54786.0
908,Hebert,Bushel,hbushelp7@usgs.gov,Hyundai,Tiburon,2003,3080.0
909,Prudence,Swaisland,pswaislandp8@google.pl,GMC,"Savana 1500",2011,77243.0
910,Isahella,Glasspoole,iglasspoolep9@reuters.com,Chevrolet,Suburban,2006,22272.0
913,Carmencita,Doale,cdoalepc@prweb.com,Audi,TT,2001,63314.0
916,Mallory,Masseo,mmasseopf@cafepress.com,Mazda,Mazda5,2007,28917.0
917,Mikaela,Baudone,mbaudonepg@yellowbook.com,Toyota,Solara,2000,35690.0
918,Belva,Bearn,bbearnph@opensource.org,BMW,"7 Series",2001,49984.0
919,Shelby,Prowse,sprowsepi@t.co,Mercedes-Benz,CLS-Class,2008,83565.0
921,Daisey,Gibbett,dgibbettpk@bluehost.com,Aptera,Type-1h,2010,92307.0
922,Kincaid,Tumielli,ktumiellipl@npr.org,Volkswagen,GTI,2001,97171.0
923,Chelsy,Bennie,cbenniepm@1688.com,Acura,MDX,2002,17171.0
924,Kaela,Pavy,kpavypn@jimdo.com,Saturn,Sky,2008,5400.0
925,Ingemar,Waplington,iwaplingtonpo@ehow.com,Volkswagen,Tiguan,2012,23070.0
926,Florrie,Este,festepp@ovh.net,Chevrolet,"Suburban 2500",2007,2042.0
928,Debor,Ghidoli,dghidolipr@prlog.org,Hyundai,Sonata,2005,91778.0
929,Clyde,Lettson,clettsonps@friendfeed.com,BMW,M3,2006,28669.0
931,Kial,Arpin,karpinpu@japanpost.jp,Chevrolet,"Express 3500",2006,28390.0
933,Mair,Sottell,msottellpw@cnbc.com,Lexus,LX,2011,40767.0
934,Sonnnie,Dunbavin,sdunbavinpx@mozilla.org,Dodge,"Grand Caravan",2006,26359.0
935,Aurel,Maving,amavingpy@hatena.ne.jp,Toyota,"Camry Hybrid",2009,76864.0
937,Nellie,McMeanma,nmcmeanmaq0@odnoklassniki.ru,Porsche,Cayenne,2006,63256.0
941,Benton,Landre,blandreq4@bluehost.com,Ford,Excursion,2004,97498.0
944,Krystal,Dumingos,kdumingosq7@netscape.com,Chevrolet,"Avalanche 1500",2004,29390.0
949,Almeda,Tessyman,atessymanqc@theatlantic.com,GMC,"Savana 1500",2007,93502.0
957,Henka,Treleven,htrelevenqk@columbia.edu,Chevrolet,Corvette,2010,8814.0
960,Armand,Clapison,aclapisonqn@bloglines.com,Mercedes-Benz,CL-Class,2008,89882.0
961,Florida,Curthoys,fcurthoysqo@purevolume.com,Mercury,Mountaineer,2004,99552.0
962,Lorne,Kingaby,lkingabyqp@tiny.cc,Volkswagen,Passat,2005,84363.0
963,Ransell,Grunwald,rgrunwaldqq@sbwire.com,Mazda,MPV,2003,19298.0
964,Alejoa,Tarry,atarryqr@quantcast.com,Hyundai,Tucson,2012,61027.0
965,Gun,Sharrem,gsharremqs@cafepress.com,Ford,"Econoline E150",2001,39267.0
968,Engelbert,Pygott,epygottqv@nytimes.com,"Land Rover",Freelander,2008,81695.0
970,Lennard,Fonso,lfonsoqx@ed.gov,BMW,545,2004,8318.0
971,Hallie,MacFayden,hmacfaydenqy@google.co.uk,GMC,"Yukon XL 2500",2004,25860.0
972,Mal,McVey,mmcveyqz@reddit.com,Dodge,Caliber,2010,27403.0
973,Em,Geldart,egeldartr0@cnet.com,Lexus,ES,2000,19601.0
975,Elwin,Foucher,efoucherr2@ycombinator.com,Honda,CR-V,2003,1721.0
976,Darin,Stellino,dstellinor3@shinystat.com,Ford,F250,2011,69969.0
978,Carin,McArley,cmcarleyr5@boston.com,Mazda,"Miata MX-5",2010,56927.0
979,Dot,Colthurst,dcolthurstr6@etsy.com,Toyota,Avalon,2010,96036.0
980,Jeana,Dmitrichenko,jdmitrichenkor7@loc.gov,Chevrolet,"Monte Carlo",2001,33265.0
985,Kayla,Conisbee,kconisbeerc@economist.com,Mazda,Mazda6,2008,51421.0
986,Brennan,Dudley,bdudleyrd@phoca.cz,Maybach,62,2010,15736.0
987,Cecilio,Fanner,cfannerre@smh.com.au,Suzuki,Swift,2005,46547.0
989,Ludovico,Stoddard,lstoddardrg@reddit.com,"Aston Martin","V8 Vantage",2011,10311.0
991,Tamqrah,Bartlomieczak,tbartlomieczakri@umn.edu,Ford,F250,2009,47831.0
992,Tanner,Emmatt,temmattrj@ifeng.com,Ford,Freestyle,2006,73974.0
993,Parrnell,Hitzschke,phitzschkerk@hubpages.com,Mitsubishi,Lancer,2005,74252.0
997,Jecho,Skoughman,jskoughmanro@reverbnation.com,Audi,S6,2008,29561.0
